,open,high,low,close,adjclose,volume,ticker,nasdaq_pct_change,low/high,daily_pct_change,close_pct_change,pre_market_pct_change,nasdaq/stock_pct_change
2020-10-07,9.949999809265137,9.949999809265137,9.899999618530273,9.899999618530273,9.899999618530273,12300,ASTR,0.01882631446703864,0.9949748551061977,-0.00504052451126109,,,-3.7349911551820787
2020-10-08,9.899999618530273,9.899999618530273,9.899999618530273,9.899999618530273,9.899999618530273,19800,ASTR,0.004961095094673684,1.0,1e-05,0.0,-1e-05,496.1095094673684
2020-10-09,9.899999618530273,9.899999618530273,9.800000190734863,9.800000190734863,9.800000190734863,10800,ASTR,0.013918241202884873,0.9898990473082204,-0.010194023045831346,-0.010100952691779574,9.307035405177119e-05,-1.365333503790388
2020-10-12,9.859999656677246,9.869999885559082,9.800000190734863,9.859999656677246,9.859999656677246,39700,ASTR,0.02558902074986724,0.9929078322557393,1e-05,0.006122394364758144,0.006112394364758144,2558.902074986724
2020-10-13,9.829999923706055,9.850000381469727,9.829999923706055,9.850000381469727,9.850000381469727,2500,ASTR,-0.0010406790726970039,0.997969496752376,0.0020405032476239937,-0.001014125309907854,-0.0030546285575318477,-0.5100109857256013
2020-10-14,9.850000381469727,9.850000381469727,9.850000381469727,9.850000381469727,9.850000381469727,0,ASTR,-0.008021807225404909,1.0,1e-05,0.0,-1e-05,-802.1807225404908
2020-10-15,9.850000381469727,9.869999885559082,9.770000457763672,9.800000190734863,9.800000190734863,861100,ASTR,-0.004661535218957846,0.989868345597276,-0.005092060179767554,-0.00507616129933619,1.5898880431363532e-05,0.91545171392115
2020-10-16,9.800000190734863,9.800000190734863,9.800000190734863,9.800000190734863,9.800000190734863,100,ASTR,-0.003612004098706767,1.0,1e-05,0.0,-1e-05,-361.20040987067665
2020-10-19,9.850000381469727,9.850000381469727,9.800000190734863,9.800000190734863,9.800000190734863,53600,ASTR,-0.016508478266271776,0.9949238387006638,-0.005092060179767554,0.0,0.005092060179767554,3.242003763401195
2020-10-20,9.850000381469727,9.850000381469727,9.850000381469727,9.850000381469727,9.850000381469727,200000,ASTR,0.0032764827183890954,1.0,1e-05,0.0051020601797675535,0.005092060179767554,327.6482718389095
2020-10-21,9.850000381469727,9.850000381469727,9.850000381469727,9.850000381469727,9.850000381469727,0,ASTR,-0.0027612409718876796,1.0,1e-05,0.0,-1e-05,-276.12409718876796
2020-10-22,9.850000381469727,9.850000381469727,9.850000381469727,9.850000381469727,9.850000381469727,175000,ASTR,0.0018563265651803107,1.0,1e-05,0.0,-1e-05,185.63265651803104
2020-10-23,9.850000381469727,9.850000381469727,9.850000381469727,9.850000381469727,9.850000381469727,0,ASTR,0.0036737764588716804,1.0,1e-05,0.0,-1e-05,367.377645887168
2020-10-26,9.789999961853027,9.800000190734863,9.78499984741211,9.800000190734863,9.800000190734863,700,ASTR,-0.01639550125792366,0.9984693527519586,0.001030431498694241,-0.00507616129933619,-0.006106592798030431,-15.911296654556836
2020-10-27,9.800000190734863,9.800000190734863,9.800000190734863,9.800000190734863,9.800000190734863,0,ASTR,0.006374642083539106,1.0,1e-05,0.0,-1e-05,637.4642083539105
2020-10-28,9.729999542236328,9.789999961853027,9.729999542236328,9.789999961853027,9.789999961853027,5500,ASTR,-0.037307886361706455,0.993871254356436,0.006138745643564026,-0.0010204314986942409,-0.007159177142258267,-6.077444567331232
2020-10-29,9.789999961853027,9.789999961853027,9.789999961853027,9.789999961853027,9.789999961853027,0,ASTR,0.01642179549945344,1.0,1e-05,0.0,-1e-05,1642.1795499453438
2020-10-30,9.789999961853027,9.789999961853027,9.789999961853027,9.789999961853027,9.789999961853027,0,ASTR,-0.024495802530529853,1.0,1e-05,0.0,-1e-05,-2449.580253052985
2020-11-02,9.789999961853027,9.789999961853027,9.789999961853027,9.789999961853027,9.789999961853027,0,ASTR,0.0042175804325030875,1.0,1e-05,0.0,-1e-05,421.75804325030873
2020-11-03,9.789999961853027,9.789999961853027,9.789999961853027,9.789999961853027,9.789999961853027,0,ASTR,0.018522283091455094,1.0,1e-05,0.0,-1e-05,1852.2283091455092
2020-11-04,9.789999961853027,9.789999961853027,9.789999961853027,9.789999961853027,9.789999961853027,0,ASTR,0.03854730976029597,1.0,1e-05,0.0,-1e-05,3854.730976029596
2020-11-05,9.739999771118164,9.789999961853027,9.524999618530273,9.75,9.75,4100,ASTR,0.02589553136041678,0.9729315276450118,0.0010356645007010734,-0.004085797958007009,-0.005121462458708082,25.003783892261723
2020-11-06,9.765000343322754,9.765000343322754,9.765000343322754,9.765000343322754,9.765000343322754,1200,ASTR,0.0003616858700730141,1.0,1e-05,0.0015384967510516656,0.0015284967510516656,36.16858700730141
2020-11-09,9.800000190734863,9.800000190734863,9.75,9.75,9.75,1500,ASTR,-0.01525402940188414,0.9948979398202324,-0.005118224690755135,-0.001536133414783869,0.0035820912759712657,2.9803360195258612
2020-11-10,9.739999771118164,9.795000076293945,9.739999771118164,9.795000076293945,9.795000076293945,300,ASTR,-0.013652289708527277,0.9943848591375825,0.005625140862417544,0.004615392440404653,-0.0010097484220128912,-2.4270129481983966
2020-11-11,9.795000076293945,9.795000076293945,9.795000076293945,9.795000076293945,9.795000076293945,0,ASTR,0.020129145485651367,1.0,1e-05,0.0,-1e-05,2012.9145485651366
2020-11-12,9.795000076293945,9.795000076293945,9.795000076293945,9.795000076293945,9.795000076293945,0,ASTR,-0.006519348588783558,1.0,1e-05,0.0,-1e-05,-651.9348588783557
2020-11-13,9.78499984741211,9.850000381469727,9.78499984741211,9.850000381469727,9.850000381469727,1100,ASTR,0.010222407181613713,0.9934009612649458,0.006609038735054185,0.005615140862417656,-0.0009938978726365295,1.546731316219151
2020-11-16,10.34000015258789,10.34000015258789,10.34000015258789,10.34000015258789,10.34000015258789,1200,ASTR,0.008017374114323017,1.0,1e-05,0.04974616773010232,0.04973616773010232,801.7374114323017
2020-11-17,9.850000381469727,9.850000381469727,9.75,9.84000015258789,9.84000015258789,2600,ASTR,-0.0020789809660017866,0.9898476774013276,-0.0010062834071913984,-0.04835589870613877,-0.04734961529894737,2.0659994501989813
2020-11-18,9.84000015258789,9.84000015258789,9.84000015258789,9.84000015258789,9.84000015258789,0,ASTR,-0.008213920743371017,1.0,1e-05,0.0,-1e-05,-821.3920743371017
2020-11-19,9.800000190734863,9.800000190734863,9.800000190734863,9.800000190734863,9.800000190734863,30000,ASTR,0.00873698100049003,1.0,1e-05,-0.004065036710645509,-0.004075036710645508,873.6981000490028
2020-11-20,9.815999984741211,10.0,9.800000190734863,9.819999694824219,9.819999694824219,131900,ASTR,-0.00417819791815266,0.9800000190734863,0.0004173024651025659,0.00204076568368472,0.001623463218582154,-10.012396924436402
2020-11-23,9.819999694824219,9.819999694824219,9.819999694824219,9.819999694824219,9.819999694824219,100,ASTR,0.0021645062654613856,1.0,1e-05,0.0,-1e-05,216.45062654613855
2020-11-24,9.970000267028809,9.979999542236328,9.970000267028809,9.979999542236328,9.979999542236328,700,ASTR,0.01314409739132727,0.9989980685705243,0.0010119314294756887,0.01629326399026665,0.01528133256079096,12.989118638342532
2020-11-25,9.979999542236328,9.979999542236328,9.979999542236328,9.979999542236328,9.979999542236328,0,ASTR,0.004786188956984239,1.0,1e-05,0.0,-1e-05,478.61889569842384
2020-11-27,9.850000381469727,9.899999618530273,9.850000381469727,9.850000381469727,9.850000381469727,6300,ASTR,0.009214943705385448,0.9949495718194816,1e-05,-0.013025968610162031,-0.01303596861016203,921.4943705385447
2020-11-30,10.0,10.0,9.850000381469727,9.899999618530273,9.899999618530273,19200,ASTR,-0.000582456381777785,0.9850000381469727,-0.010091049022522402,0.005076064479612397,0.015167113502134798,0.05772010228845283
2020-12-01,9.779999732971191,9.979999542236328,9.779999732971191,9.90999984741211,9.90999984741211,1900,ASTR,0.012818546356685445,0.9799599380321895,0.013128074313075434,0.00101012416840085,-0.012117950144674584,0.9764224402598254
2020-12-02,9.760000228881836,10.0,9.760000228881836,9.899999618530273,9.899999618530273,187700,ASTR,-0.0004646040554606712,0.9760000228881835,0.014151353034639925,-0.001009104847206177,-0.015160457881846102,-0.03283106953260267
2020-12-03,9.930000305175781,9.930000305175781,9.869999885559082,9.930000305175781,9.930000305175781,1200,ASTR,0.0022519019228190995,0.9939576618557177,1e-05,0.003030372505202328,0.003020372505202328,225.19019228190993
2020-12-04,9.970000267028809,9.970000267028809,9.859999656677246,9.930000305175781,9.930000305175781,39200,ASTR,0.007033167769060933,0.9889668397787973,-0.004018193416286019,0.0,0.004018193416286019,-1.7503308179628714
2020-12-07,10.0,10.020000457763672,9.949999809265137,9.949999809265137,9.949999809265137,127100,ASTR,0.00447037036920972,0.9930139076546352,-0.005015144893802347,0.0020140486882895825,0.00702919358209193,-0.891374120563126
2020-12-08,9.949999809265137,10.09000015258789,9.949999809265137,9.949999809265137,9.949999809265137,19600,ASTR,0.005017538804668709,0.986124842298754,1e-05,0.0,-1e-05,501.75388046687084
2020-12-09,10.0,10.029999732971191,9.949999809265137,10.0,10.0,43900,ASTR,-0.019377239274069313,0.9920239356095819,1e-05,0.005025144893802347,0.005015144893802347,-1937.7239274069311
2020-12-10,9.949999809265137,10.100000381469727,9.90999984741211,10.0,10.0,988600,ASTR,0.005418562676863692,0.9811880666454026,0.00501001907348635,0.0,-0.00501001907348635,1.0815453189668292
2020-12-11,10.050000190734863,10.050000190734863,9.989999771118164,10.0,10.0,175000,ASTR,-0.002252126551407052,0.994029809106669,-0.00499001907348624,0.0,0.00499001907348624,0.45132624109062186
2020-12-14,10.100000381469727,10.109999656677246,10.010000228881836,10.050000190734863,10.050000190734863,62300,ASTR,0.0050226671702324754,0.9901088594271747,-0.004965143262281545,0.005000019073486239,0.009965162335767785,-1.0115855484750902
2020-12-15,10.25,10.25,10.029999732971191,10.029999732971191,10.029999732971191,8700,ASTR,0.012461337002391382,0.9785365593142625,-0.021924224614743592,-0.00199009526209859,0.019934129352645002,-0.568382107981661
2020-12-16,10.12399959564209,10.12399959564209,10.0,10.010000228881836,10.010000228881836,63400,ASTR,0.005012350995449388,0.9877519161798993,-0.011378547867494659,-0.0019939685565106835,0.009384579310983975,-0.4405088464555551
2020-12-17,10.111000061035156,10.111000061035156,10.111000061035156,10.111000061035156,10.111000061035156,200,ASTR,0.008418230939438498,1.0,1e-05,0.010089893091301372,0.010079893091301372,841.8230939438497
2020-12-18,10.140000343322754,10.140000343322754,10.020000457763672,10.050000190734863,10.050000190734863,339500,ASTR,-0.0007137117109617952,0.9881656921601485,-0.008945238893513906,-0.006033020466033712,0.0029122184274801947,0.07978676919174285
2020-12-21,10.350000381469727,10.350000381469727,10.100000381469727,10.149999618530273,10.149999618530273,3700,ASTR,-0.0010285738347199924,0.9758454115182845,-0.01969450940454449,0.00995019163159827,0.02964470103614276,0.05222642583230075
2020-12-22,10.239999771118164,10.25,10.09000015258789,10.229999542236328,10.229999542236328,12900,ASTR,0.00513245363011694,0.9843902587890625,-0.0009675395238824647,0.007881766178592153,0.008849305702474618,-5.304644930185222
2020-12-23,10.239999771118164,10.25,10.119999885559082,10.130000114440918,10.130000114440918,6400,ASTR,-0.002873969429620815,0.9873170620057641,-0.010848801128781348,-0.009775115568925075,0.0010736855598562738,0.26491124645987957
2020-12-24,10.149999618530273,10.180000305175781,10.130000114440918,10.180000305175781,10.180000305175781,5000,ASTR,0.0026325132476352486,0.9950883900554068,0.002957022175456615,0.004935852928924067,0.001978830753467452,0.8902582028248548
2020-12-28,10.21500015258789,10.25,10.149999618530273,10.180000305175781,10.180000305175781,56600,ASTR,0.0073948806151047375,0.9902438652224657,-0.0034280988568649684,0.0,0.0034280988568649684,-2.1571375050331634
2020-12-29,10.25,10.25,9.920000076293945,10.09000015258789,10.09000015258789,24400,ASTR,-0.0038141401404465647,0.9678048854920922,-0.01584726907755025,-0.008840879164034199,0.007006389913516053,0.2406812253759102
2020-12-30,10.0649995803833,10.199999809265137,10.0649995803833,10.199999809265137,10.199999809265137,35100,ASTR,0.0015392945691514726,0.9867646831954635,0.01324531680453649,0.010901848861621044,-0.0023434679429154455,0.11621425080782272
2020-12-31,10.069999694824219,10.25,10.024999618530273,10.109999656677246,10.109999656677246,68000,ASTR,0.0014203786664723772,0.9780487432712461,0.00396647509509156,-0.008823544536357697,-0.012790019631449257,0.3580959497842479
2021-01-04,10.199999809265137,10.199999809265137,10.109999656677246,10.199999809265137,10.199999809265137,88000,ASTR,-0.01472889121725851,0.9911764554636423,1e-05,0.008902092546407614,0.008892092546407614,-1472.889121725851
2021-01-05,10.199999809265137,10.239999771118164,10.109999656677246,10.199999809265137,10.199999809265137,37800,ASTR,0.009490116019786887,0.9873046760403665,1e-05,0.0,-1e-05,949.0116019786886
2021-01-06,10.199999809265137,10.25,10.164999961853027,10.25,10.25,93200,ASTR,-0.006097992513683037,0.9917073133515149,0.004888067388767171,0.00490197957547478,1.3912186707609048e-05,-1.2475262775010605
2021-01-07,10.229999542236328,10.289999961853027,10.149999618530273,10.279999732971191,10.279999732971191,140000,ASTR,0.025641300789502663,0.986394524407992,0.0048738319098878165,0.002926803216701579,-0.0019470286931862375,5.261014590487357
2021-01-08,10.229999542236328,10.449999809265137,10.199999809265137,10.229999542236328,10.229999542236328,50500,ASTR,0.010292726308001487,0.9760765545872694,1e-05,-0.004863831909887817,-0.0048738319098878165,1029.2726308001486
2021-01-11,10.239999771118164,10.289999961853027,10.210000038146973,10.25,10.25,42300,ASTR,-0.012539844430301206,0.9922254689987726,0.000985632086032796,0.0019550790477649294,0.0009694469617321333,-12.72264225972444
2021-01-12,10.25,10.399999618530273,10.239999771118164,10.289999961853027,10.289999961853027,137200,ASTR,0.002761492284541589,0.9846153987229934,0.0038972655006136903,0.003902435302734375,5.169802120684724e-06,0.7085717624592796
2021-01-13,11.289999961853027,11.3100004196167,10.362000465393066,10.449999809265137,10.449999809265137,9300,ASTR,0.004323642135673156,0.9161803785100336,-0.08037279118848713,0.015549062002454761,0.09592185319094189,-0.05379484862649002
2021-01-14,10.741999626159668,10.75,10.34000015258789,10.460000038146973,10.460000038146973,24900,ASTR,-0.001242334431341141,0.9618604793105014,-0.02694980755107641,0.0009569597190777213,0.02790676727015413,0.04609808173904829
2021-01-15,10.6899995803833,10.6899995803833,10.359999656677246,10.399999618530273,10.399999618530273,375100,ASTR,-0.008704551600417165,0.9691300339888113,-0.027874612739438764,-0.0057361777627037425,0.02213843497673502,0.312275247795691
2021-01-19,10.399999618530273,10.399999618530273,10.25,10.300000190734863,10.300000190734863,27800,ASTR,0.015284816517290523,0.9855769592276705,-0.009698682130449065,-0.009615329948400753,8.335218204831227e-05,-1.575968395675507
2021-01-20,10.350000381469727,10.420000076293945,10.25,10.300000190734863,10.300000190734863,119600,ASTR,0.0197065068945248,0.9836852135269457,-0.004844387360093471,0.0,0.004844387360093471,-4.067904861791352
2021-01-21,10.399999618530273,10.399999618530273,10.319999694824219,10.399999618530273,10.399999618530273,7100,ASTR,0.005473641067082813,0.9923076993614967,1e-05,0.009708682130449064,0.009698682130449065,547.3641067082813
2021-01-22,10.46500015258789,10.46500015258789,10.385000228881836,10.399999618530273,10.399999618530273,10000,ASTR,0.0008979007267215788,0.9923554780181947,-0.006240051580944494,0.0,0.006240051580944494,-0.1438931577847106
2021-01-25,10.649999618530273,10.949999809265137,10.420000076293945,10.489999771118164,10.489999771118164,75400,ASTR,0.006861866299858299,0.9515981970590773,-0.015242607331091906,0.008653861143180341,0.023896468474272247,-0.45017667586709054
2021-01-26,10.5,10.600000381469727,10.154999732971191,10.154999732971191,10.154999732971191,279400,ASTR,-0.0007282686399603389,0.9580188082562282,-0.03396343930090546,-0.031935180691740284,0.0020282586091651747,0.021442723556589965
2021-01-27,10.210000038146973,10.300000190734863,10.180000305175781,10.300000190734863,10.300000190734863,507000,ASTR,-0.026086775791876904,0.9883495258896184,0.008747878730220583,0.014278725906105683,0.0055308471758851,-2.9820687501939243
2021-01-28,10.350000381469727,10.350000381469727,10.210000038146973,10.350000381469727,10.350000381469727,16800,ASTR,0.005015639747580014,0.98647339727896,1e-05,0.004854387360093471,0.004844387360093471,501.5639747580014
2021-01-29,10.399999618530273,10.399999618530273,10.210000038146973,10.300000190734863,10.300000190734863,164900,ASTR,-0.019979495142946724,0.9817308089084188,-0.009698682130449065,-0.004830936124831653,0.004867746005617412,2.0600216477062374
2021-02-01,10.3100004196167,10.760000228881836,10.3100004196167,10.34000015258789,10.34000015258789,106600,ASTR,0.025453836623223758,0.9581784572776073,0.0029113280975322964,0.0038834913701271123,0.0009721632725948159,8.743032653996975
2021-02-02,15.0,16.889999389648438,13.539999961853027,16.290000915527344,16.290000915527344,37833400,ASTR,0.015622214267598356,0.8016578123828375,0.0791997386756889,0.5754352683882977,0.4962355297126088,0.19725083098530147
2021-02-03,17.34000015258789,17.600000381469727,15.550000190734863,16.6299991607666,16.6299991607666,14230000,ASTR,-0.0001645684665440017,0.8835227189600962,-0.04268398843364458,0.020871591536571144,0.06355557997021571,0.0038555081796031215
2021-02-04,16.59000015258789,20.0,16.350000381469727,18.549999237060547,18.549999237060547,14392600,ASTR,0.012284611399153267,0.8175000190734864,0.1056703323496007,0.11545400921147353,0.009783676861872828,0.11625411907015439
2021-02-05,19.229999542236328,20.09000015258789,18.889999389648438,19.3700008392334,19.3700008392334,7050300,ASTR,0.005701919834175451,0.9402687529205979,0.0072377383031136285,0.044204939940622356,0.03696720163750873,0.7878040895347821
2021-02-08,19.979999542236328,22.079999923706055,19.850000381469727,21.149999618530273,21.149999618530273,7036000,ASTR,0.009478709727799739,0.8990036435714792,0.05532915354120698,0.091894615496946,0.036565461955739016,0.1713149238898146
2021-02-09,21.170000076293945,22.049999237060547,19.399999618530273,20.0,20.0,5830400,ASTR,0.0014341624018918697,0.879818607246195,-0.05849000381469722,-0.05437350540293706,0.004116498411760157,-0.024519786431121706
2021-02-10,20.34000015258789,20.549999237060547,18.059999465942383,18.75,18.75,5507500,ASTR,-0.00251075632577924,0.8788321234276439,-0.08479000813802091,-0.0625,0.022290008138020914,0.02961146461611654
2021-02-11,19.40999984741211,19.68000030517578,18.280000686645508,18.899999618530273,18.899999618530273,3613800,ASTR,0.003810280369455299,0.9288618091046432,-0.026974139638913663,0.00799997965494792,0.034974119293861586,-0.1412567896682228
2021-02-12,18.440000534057617,19.600000381469727,18.200000762939453,19.549999237060547,19.549999237060547,2001200,ASTR,0.004969438229909917,0.9285714494243651,0.05678742947931819,0.03439151490209502,-0.022395914577223168,0.0875094765773783
2021-02-16,19.829999923706055,20.25,18.700000762939453,19.5,19.5,2313900,ASTR,-0.0034032017018987837,0.9234568277994791,-0.016913073010566947,-0.00255750583180403,0.014355567178762917,0.2012172299955503
2021-02-17,18.8799991607666,19.989999771118164,18.309999465942383,19.579999923706055,19.579999923706055,2725200,ASTR,-0.005838032790532077,0.9159579627608065,0.03576080519239138,0.004102560190054172,-0.03165824500233721,-0.16325227463765837
2021-02-18,18.5,22.469999313354492,18.459999084472656,21.25,21.25,9865900,ASTR,-0.007169807943156803,0.8215398152460739,0.12942176470588235,0.0852911176098643,-0.04413064709601805,-0.05539878056407716
2021-02-19,21.059999465942383,22.010000228881836,19.5,19.520000457763672,19.520000457763672,3643800,ASTR,0.0006562836554027118,0.8859609176383297,-0.07888338996230455,-0.08141174316406252,-0.0025283532017579685,-0.008319668509635874
2021-02-22,19.25,19.299999237060547,18.0,18.450000762939453,18.450000762939453,3291100,ASTR,-0.024607095138204582,0.9326425239144962,-0.043350390459576955,-0.054815556851006586,-0.01146516639142963,0.5676326067039701
2021-02-23,16.610000610351562,16.899999618530273,14.609999656677246,16.200000762939453,16.200000762939453,6423000,ASTR,-0.0050136229714826674,0.8644970406187394,-0.02529863136439243,-0.12195121446930124,-0.0966525831049088,0.1981776365396308
2021-02-24,16.399999618530273,17.25,15.593999862670898,15.890000343322754,15.890000343322754,2207500,ASTR,0.009860197347546285,0.9039999920388927,-0.032085611339733484,-0.01913582747019882,0.012949783869534666,-0.30730900661804833
2021-02-25,16.0,16.479999542236328,14.350000381469727,14.550000190734863,14.550000190734863,3186400,ASTR,-0.03519202121238085,0.8707524745187243,-0.0996463429730033,-0.08432977492986538,0.015316568043137926,0.3531692198871288
2021-02-26,14.850000381469727,15.300000190734863,13.119999885559082,13.949999809265137,13.949999809265137,3900000,ASTR,0.005558162482053319,0.8575163216994003,-0.06450617093262163,-0.0412371390793379,0.02326903185328373,-0.08616481805839885
2021-03-01,15.5,16.329999923706055,15.149999618530273,15.739999771118164,15.739999771118164,2673800,ASTR,0.030053817590480314,0.9277403361488821,0.015257762046257884,0.12831541120625456,0.11305764915999668,1.9697395659575978
2021-03-02,15.470000267028809,15.949999809265137,13.92199993133545,14.15999984741211,14.15999984741211,2189600,ASTR,-0.016928612525136666,0.8728526707096479,-0.09250415492466375,-0.1003811910216954,-0.00787703609703165,0.18300380711464784
2021-03-03,14.140000343322754,14.34000015258789,12.600000381469727,12.949999809265137,12.949999809265137,2784900,ASTR,-0.027026402691170515,0.8786611051183181,-0.0918819344852982,-0.08545198101595408,0.006429953469344121,0.29414272612528575
2021-03-04,13.140000343322754,13.850000381469727,11.899999618530273,13.25,13.25,2745700,ASTR,-0.02110213486468815,0.8592057249652925,0.008311860881301581,0.023166038235786335,0.014854177354484754,-2.538797889671091
2021-03-05,13.279999732971191,13.5,11.079999923706055,13.100000381469727,13.100000381469727,3741100,ASTR,0.0154580997392475,0.8207407350893374,-0.013730408111443836,-0.011320725926813102,0.002409682184630734,-1.1258295903356064
2021-03-08,13.399999618530273,13.600000381469727,11.859999656677246,11.90999984741211,11.90999984741211,1867600,ASTR,-0.02407017139681733,0.8720587738245018,-0.1250949362055132,-0.09083973277900836,0.03425520342650484,0.19241523379710157
2021-03-09,12.420000076293945,13.100000381469727,12.25,12.84000015258789,12.84000015258789,1091900,ASTR,0.03685099962979543,0.9351144765864227,0.03272028592700565,0.07808566894128544,0.04536538301427979,1.1262432031310736
2021-03-10,13.48799991607666,14.3100004196167,12.949999809265137,14.3100004196167,14.3100004196167,1456900,ASTR,-0.00038169672335397475,0.9049615254736666,0.05745238151196757,0.11448600074451964,0.057033619232552075,-0.006643705853594002
2021-03-11,14.5,14.619999885559082,14.0,14.319999694824219,14.319999694824219,1015400,ASTR,0.025238666489519668,0.9575923467570279,-0.01255985398127064,0.0006987613497069223,0.013258615330977563,-2.0094713304116256
2021-03-12,13.737000465393066,14.279999732971191,13.579999923706055,14.0,14.0,620600,ASTR,-0.005881895051674801,0.9509804045970042,0.01879568104335243,-0.02234634788015244,-0.04114202892350487,-0.3129386500073155
2021-03-15,14.0,14.680000305175781,13.75,14.489999771118164,14.489999771118164,870400,ASTR,0.010499329999251517,0.9366484818908425,0.033826409859083965,0.03499998365129753,0.0011735737922135628,0.3103885408764997
2021-03-16,14.460000038146973,14.5,12.819999694824219,13.029999732971191,13.029999732971191,1563800,ASTR,0.0008811743787140447,0.8841379099878771,-0.10973676396633365,-0.1007591484616226,0.008977615504711059,-0.008029892142476352
2021-03-17,12.5,13.829999923706055,12.300000190734863,13.100000381469727,13.100000381469727,1614300,ASTR,0.003980967442432259,0.8893709514525294,0.045811554503650424,0.005372267838302802,-0.04043928666534762,0.08689876354479616
2021-03-18,13.079999923706055,13.190999984741211,12.199999809265137,12.5,12.5,1243800,ASTR,-0.030242086440928184,0.9248730060933651,-0.0463899938964843,-0.04580155450365042,0.0005884393928338796,0.6519096878609442
2021-03-19,12.449999809265137,12.920000076293945,11.880000114440918,12.819999694824219,12.819999694824219,1031800,ASTR,0.0075532959004116496,0.9195046473907338,0.028871146206459076,0.025599975585937518,-0.003271170620521558,0.261620922369955
2021-03-22,13.175999641418457,14.289999961853027,13.109999656677246,13.90999984741211,13.90999984741211,1907400,ASTR,0.012281260257784199,0.917424750991898,0.052777808342586656,0.08502341486232279,0.03224560651973613,0.23269742801870752
2021-03-23,13.699999809265137,14.055000305175781,12.520000457763672,12.979999542236328,12.979999542236328,1033100,ASTR,-0.011200851824211822,0.8907862103107289,-0.05545997630361705,-0.06685839794231219,-0.011398421638695137,0.20196279498737024
2021-03-24,12.779999732971191,13.0600004196167,11.65999984741211,11.984999656677246,11.984999656677246,2195700,ASTR,-0.02009499330572939,0.8928024098604371,-0.0663229244111428,-0.07665638833972199,-0.010333463928579187,0.30298714183889736
2021-03-25,11.3100004196167,12.5,11.25,12.0600004196167,12.0600004196167,1592000,ASTR,0.0012181895920093666,0.9,0.062199052562556804,0.006257886114971134,-0.05594116644758567,0.019585339998292907
2021-03-26,12.279999732971191,12.699999809265137,11.916000366210938,12.420000076293945,12.420000076293945,756700,ASTR,0.012409828654125432,0.9382677594623079,0.011282169280415078,0.02985071676213824,0.018568547481723163,1.0999505809284282
2021-03-29,12.960000038146973,13.699999809265137,12.420000076293945,13.5,13.5,1921400,ASTR,-0.0060188523018330775,0.9065693612560823,0.040009997174298366,0.08695651506214164,0.04694651788784327,-0.15043370974541007
2021-03-30,12.829999923706055,12.949999809265137,12.119999885559082,12.25,12.25,1546300,ASTR,-0.0010919696746045648,0.9359073408547677,-0.04733693254743294,-0.09259259259259256,-0.04525566004515962,0.023068027771135795
2021-03-31,12.270000457763672,12.557000160217285,11.779999732971191,11.789999961853027,11.789999961853027,1243500,ASTR,0.015444572694241598,0.9381221297019838,-0.040702510387082676,-0.037551023522201854,0.0031514868648808217,-0.37945012598395106
2021-04-01,12.0,12.069999694824219,11.130000114440918,11.199999809265137,11.199999809265137,2615200,ASTR,0.017607195685596322,0.9221209938566622,-0.07141858967489163,-0.050042421925093894,0.02137616774979774,-0.2465351915481246
2021-04-05,11.470000267028809,11.600000381469727,11.130000114440918,11.460000038146973,11.460000038146973,1516000,ASTR,0.016726828364677537,0.959482736933388,-0.0008626203183724301,0.023214306545501273,0.024076926863873704,-19.390719194091425
2021-04-06,11.010000228881836,11.460000038146973,11.010000228881836,11.260000228881836,11.260000228881836,1534800,ASTR,-0.0005260598791950732,0.9607330010674329,0.022212486227198448,-0.01745199027917943,-0.039664476506377874,-0.0236830705853598
2021-04-07,11.279999732971191,11.4399995803833,11.029999732971191,11.0600004196167,11.0600004196167,992400,ASTR,-0.0006964355744338846,0.9641608511843693,-0.019881438065796852,-0.01776197204260599,0.002119466023190863,0.035029436609618374
2021-04-08,11.199999809265137,11.199999809265137,10.529999732971191,10.869999885559082,10.869999885559082,1866000,ASTR,0.010261623933502051,0.940178563597859,-0.030348778949433507,-0.01717907114367012,0.013169707805763386,-0.3381231235233467
2021-04-09,10.75,10.944999694824219,10.630000114440918,10.760000228881836,10.760000228881836,841500,ASTR,0.005125408395453057,0.971219772575027,0.000939389281516313,-0.010119563738301585,-0.011058953019817897,5.45610695832072
2021-04-12,10.6899995803833,10.906999588012695,10.460000038146973,10.649999618530273,10.649999618530273,1024400,ASTR,-0.0036107728121699267,0.9590171846749682,-0.003745865097256006,-0.01022310483379918,-0.006477239736543173,0.9639356245944256
2021-04-13,10.640000343322754,11.039999961853027,10.479999542236328,10.899999618530273,10.899999618530273,1168200,ASTR,0.010548708258122819,0.9492753241348105,0.023863145349245208,0.023474179244571625,-0.0003889661046735833,0.44205020351420166
2021-04-14,10.699999809265137,10.829999923706055,10.399999618530273,10.569999694824219,10.569999694824219,1659500,ASTR,-0.009878449674107004,0.960295447072484,-0.012288970500876694,-0.03027522341790234,-0.017986252917025648,0.8038468050193689
2021-04-15,10.489999771118164,10.489999771118164,10.0600004196167,10.149999618530273,10.149999618530273,1863000,ASTR,0.013055420174782562,0.9590086405258682,-0.03348755323804859,-0.03973510770294586,-0.006247554464897269,-0.38985888523945605
2021-04-16,10.109999656677246,10.319999694824219,10.020000457763672,10.119999885559082,10.119999885559082,1183800,ASTR,0.0009673274813244426,0.9709303056267525,0.0009981649204468435,-0.0029556388274559753,-0.003953803747902818,0.9691058676870792
2021-04-19,10.050000190734863,10.180000305175781,10.020000457763672,10.109999656677246,10.109999656677246,1290600,ASTR,-0.009789850945085554,0.984282923122236,0.005944665477733802,-0.0009881649204468435,-0.006932830398180646,-1.6468295788474874
2021-04-20,10.09000015258789,10.220000267028809,9.994999885559082,10.029999732971191,10.029999732971191,1375800,ASTR,-0.009234791831184364,0.9779843076721231,-0.005972095833907409,-0.00791295019018301,-0.0019408543562756016,1.5463234495924434
2021-04-21,10.010000228881836,10.109000205993652,9.989999771118164,10.09000015258789,10.09000015258789,1070600,ASTR,0.01189228129776998,0.988228268626908,0.007938634538775125,0.005982095833907408,-0.001956538704867717,1.4980260446155862
2021-04-22,10.199999809265137,10.199999809265137,10.029999732971191,10.050000190734863,10.050000190734863,1192900,ASTR,-0.00944856589330434,0.9833333255418764,-0.014915334893879816,-0.003964317269387618,0.010951017624492198,0.6334799694763376
2021-04-23,10.069999694824219,10.470000267028809,10.045000076293945,10.289999961853027,10.289999961853027,1222400,ASTR,0.014357615081555863,0.9594078147186648,0.021390006593235245,0.023880573787393722,0.0024905671941584766,0.6712300446927665
2021-04-26,10.359999656677246,10.390000343322754,10.199999809265137,10.3100004196167,10.3100004196167,752600,ASTR,0.008701745037853259,0.9817131349586795,-0.0048395863264383936,0.0019436790901667944,0.006783265416605188,-1.798034883749486
2021-04-27,10.369999885559082,10.510000228881836,10.229999542236328,10.40999984741211,10.40999984741211,684900,ASTR,-0.0034345640809080313,0.9733586412418854,0.0038524555657387005,0.009699265152806724,0.005846809587068024,-0.8915259429473681
2021-04-28,10.40999984741211,10.539999961853027,10.300000190734863,10.5,10.5,1100700,ASTR,-0.002781323065609853,0.9772296231511589,0.008581443103608578,0.008645547925753672,6.410482214509391e-05,-0.324109014303233
2021-04-29,10.569999694824219,10.730999946594238,10.369999885559082,10.479999542236328,10.479999542236328,1043700,ASTR,0.0022432185139893424,0.9663591405431207,-0.008577801194568146,-0.0019048055013021203,0.0066729956932660255,-0.2615143978167564
2021-04-30,10.414999961853027,10.600000381469727,10.369999885559082,10.569999694824219,10.569999694824219,426300,ASTR,-0.008511961175354799,0.9783018407892968,0.014674118963701566,0.008587801194568145,-0.006086317769133421,-0.580066251092164
2021-05-03,10.729999542236328,10.729999542236328,10.260000228881836,10.40999984741211,10.40999984741211,694300,ASTR,-0.00483858197885767,0.9561976390115916,-0.030729644525909382,-0.015137166701192584,0.015592477824716799,0.15745649041849702
2021-05-04,10.3100004196167,10.34000015258789,10.020000457763672,10.289999961853027,10.289999961853027,1786100,ASTR,-0.018828201194453165,0.9690522543421695,-0.0019336790901667944,-0.01152736669721599,-0.009593687607049196,9.73698339615861
2021-05-05,10.220000267028809,10.270000457763672,10.119999885559082,10.239999771118164,10.239999771118164,475900,ASTR,-0.0037466591942640903,0.9853942974178549,0.0019630766148807555,-0.0048591050456970875,-0.0068221816605778425,-1.9085649362145125
2021-05-06,10.149999618530273,10.237000465393066,10.050000190734863,10.109999656677246,10.109999656677246,915700,ASTR,0.0037121457122524237,0.9817329035697154,-0.003946475095091561,-0.012695323959633464,-0.008748848864541903,-0.9406231188103569
2021-05-07,10.100000381469727,10.380000114440918,10.100000381469727,10.15999984741211,10.15999984741211,1111000,ASTR,0.008758291888812941,0.9730250741922778,0.005915459334988649,0.004945617451316053,-0.000969841883672596,1.4805768061001718
2021-05-10,10.149999618530273,10.149999618530273,10.0,10.039999961853027,10.039999961853027,817700,ASTR,-0.02547802225972562,0.9852217119046559,-0.010946141144939258,-0.011811012535560939,-0.0008648713906216805,2.327580278964784
2021-05-11,9.859999656677246,10.100000381469727,9.850000381469727,10.0,10.0,1149300,ASTR,-0.0009275327257869392,0.9752475256873584,0.014010034332275368,-0.003984059960658093,-0.01799409429293346,-0.0662048859973278
2021-05-12,10.010000228881836,10.010000228881836,9.890000343322754,9.949999809265137,9.949999809265137,535100,ASTR,-0.026718837795905892,0.9880119997187566,-0.006020193041896226,-0.00500001907348635,0.0010201739684098758,4.438202830035838
2021-05-13,9.899999618530273,10.024999618530273,9.899999618530273,9.899999618530273,9.899999618530273,625900,ASTR,0.007160285482193274,0.9875311715953635,1e-05,-0.005025144893802347,-0.0050351448938023464,716.0285482193273
2021-05-14,9.960000038146973,10.029999732971191,9.925000190734863,10.020000457763672,10.020000457763672,392500,ASTR,0.023237368480184983,0.9895314511433966,0.005998065556445154,0.01212129735932388,0.006123231802878725,3.8741437987811804
2021-05-17,9.949999809265137,10.029999732971191,9.90999984741211,10.020000457763672,10.020000457763672,311200,ASTR,-0.0037923111043243196,0.9880359034143729,0.006996092345364847,0.0,-0.006996092345364847,-0.5420613275404886
2021-05-18,10.0,10.07699966430664,9.949999809265137,10.0,10.0,353300,ASTR,-0.005636435871819501,0.9873970567359107,1e-05,-0.001996053577839385,-0.002006053577839385,-563.64358718195
2021-05-19,9.949999809265137,10.050000190734863,9.930000305175781,9.970000267028809,9.970000267028809,267100,ASTR,-0.0002931088157486217,0.9880597131063031,0.002016063914543166,-0.002999973297119096,-0.005016037211662262,-0.14538666836613623
2021-05-20,10.029999732971191,10.09000015258789,9.979999542236328,10.010000228881836,10.010000228881836,469900,ASTR,0.017744707478573485,0.9890980566215998,-0.001987952410795145,0.004012032174693925,0.00599998458548907,-8.926122870051966
2021-05-21,10.050000190734863,10.239999771118164,10.010000228881836,10.039999961853027,10.039999961853027,757200,ASTR,-0.004783631990481263,0.9775391067014435,-0.000986038737035132,0.002996976252271466,0.0039830149893065984,4.851363147116222
2021-05-24,10.039999961853027,10.170000076293945,9.930000305175781,9.9399995803833,9.9399995803833,890100,ASTR,0.014117721428874797,0.9764012026236265,-0.010050400974973627,-0.009960197395386228,9.020357958739941e-05,-1.4046923564571354
2021-05-25,9.960000038146973,9.989999771118164,9.90999984741211,9.920000076293945,9.920000076293945,487600,ASTR,-0.00029280069151282895,0.9919919994455515,-0.0040222541880433164,-0.0020120226291382437,0.0020102315589050727,0.07279517350823272
2021-05-26,9.920000076293945,10.050000190734863,9.90999984741211,10.020000457763672,10.020000457763672,399600,ASTR,0.005918508635931463,0.9860696178442045,0.009990077535050813,0.010080683538369994,9.060600331918175e-05,0.5924387088254325
2021-05-27,10.010000228881836,10.069999694824219,9.9399995803833,10.039999961853027,10.039999961853027,433100,ASTR,-0.00012518027096375395,0.9870903556722315,0.002998021223623072,0.0019959584007662734,-0.0010020628228567985,-0.04175429779395461
2021-05-28,10.039999961853027,10.149999618530273,10.0,10.100000381469727,10.100000381469727,345900,ASTR,0.0009070840642058098,0.9852217119046559,0.005950635381240233,0.005976137434728246,2.5502053488012794e-05,0.15243482520630514
2021-06-01,10.10200023651123,10.25,10.10200023651123,10.149999618530273,10.149999618530273,334700,ASTR,-0.0008917010152208471,0.9855609986840225,0.004739003332316739,0.0049504193239715555,0.0002114159916548168,-0.1881621414232947
2021-06-02,10.180000305175781,10.199999809265137,10.072999954223633,10.100000381469727,10.100000381469727,388800,ASTR,0.0014450287626555092,0.9875490335866336,-0.007910784226189693,-0.004926033393071849,0.0029847508331178434,-0.18266567780619666
2021-06-03,10.079999923706055,10.239999771118164,10.050000190734863,10.109999656677246,10.109999656677246,514500,ASTR,-0.010309458387126047,0.9814453530634646,0.002977332738866846,0.0009900272108767094,-0.0019873055279901364,-3.4626490524702866
2021-06-04,10.130000114440918,10.180000305175781,10.079999923706055,10.079999923706055,10.079999923706055,253500,ASTR,0.014688774858050868,0.9901767801108136,-0.004950336419970846,-0.002967332738866846,0.001983003681104,-2.967227600692515
2021-06-07,10.199999809265137,10.649999618530273,10.0600004196167,10.460000038146973,10.460000038146973,1250600,ASTR,0.004866592327830599,0.9446010122021962,0.024866618349295534,0.03769842433701176,0.012831805987716226,0.1957078465383078
2021-06-08,10.869999885559082,11.800000190734863,10.550000190734863,11.619999885559082,11.619999885559082,2489800,ASTR,0.0031113169361038917,0.8940677983224545,0.0645538904807627,0.11089864657568471,0.046344756094922016,0.04819720256877587
2021-06-09,12.0,12.017999649047852,11.300000190734863,11.350000381469727,11.350000381469727,1551000,ASTR,-0.0009450801550839882,0.9402563255716293,-0.05725868693251119,-0.023235757895738063,0.03402292903677313,0.016505445823407044
2021-06-10,11.3100004196167,11.640999794006348,10.779999732971191,10.869999885559082,10.869999885559082,814900,ASTR,0.007804918728772536,0.9260372754685158,-0.04046843042226362,-0.04229079116986678,-0.001822360747603162,-0.19286437964934458
2021-06-11,11.170000076293945,11.470000267028809,11.0600004196167,11.100000381469727,11.100000381469727,453400,ASTR,0.003501332955533787,0.9642545912931948,-0.00629627859626709,0.02115919947857625,0.027455478074843342,-0.5560956209291059
2021-06-14,11.380000114440918,11.470000267028809,10.734999656677246,10.970000267028809,10.970000267028809,723800,ASTR,0.007443073498693664,0.9359197390374641,-0.03736464333928919,-0.011711721619211746,0.025652921720077444,-0.19920097807724071
2021-06-15,11.039999961853027,11.039999961853027,10.449999809265137,10.670000076293945,10.670000076293945,540500,ASTR,-0.0071453576292487275,0.9465579570084653,-0.03466665256920926,-0.02734732756903724,0.007319325000172024,0.20611616927776857
2021-06-16,10.678999900817871,11.0,10.569999694824219,10.930000305175781,10.930000305175781,690700,ASTR,-0.0023577768295566237,0.960909063165838,0.022974354743800985,0.024367406468861263,0.0013930517250602785,-0.10262646572012242
2021-06-17,10.970000267028809,11.109000205993652,10.6850004196167,10.890000343322754,10.890000343322754,503200,ASTR,0.008666146563395483,0.9618327681596233,-0.007336181926900286,-0.003659648740731103,0.0036765331861691834,-1.1812883935741134
2021-06-18,11.0,11.600000381469727,11.0,11.579999923706055,11.579999923706055,704100,ASTR,-0.009248392997500465,0.9482758308846102,0.0500963495274041,0.06336084101286343,0.013264491485459336,-0.18461211415097895
2021-06-21,11.460000038146973,11.46399974822998,11.119999885559082,11.279999732971191,11.279999732971191,540600,ASTR,0.007918572901479237,0.969993032953092,-0.015947474240858805,-0.025906752393038968,-0.009959278152180163,-0.49654088051079404
2021-06-22,11.300000190734863,11.300000190734863,11.180000305175781,11.25,11.25,348000,ASTR,0.00790504662839453,0.989380541280214,-0.004434461398654509,-0.002659550858277293,0.0017749105403772163,-1.7826396303264822
2021-06-23,11.40999984741211,11.418999671936035,10.949999809265137,10.989999771118164,10.989999771118164,550500,ASTR,0.0012952072125995695,0.9589281131320514,-0.038206568247590784,-0.02311113145616317,0.015095436791427615,-0.033900119063460826
2021-06-24,11.100000381469727,11.180000305175781,10.75,10.779999732971191,10.779999732971191,368000,ASTR,0.006865284655006576,0.9615384352917493,-0.029674662006047802,-0.019108284123795394,0.010566377882252408,-0.23135173885409063
2021-06-25,11.0600004196167,11.130000114440918,10.510000228881836,10.899999618530273,10.899999618530273,1752500,ASTR,-0.0006486082548177174,0.9442947098666561,-0.014668973090459513,0.01113171507714017,0.025800688167599683,0.04421633680953187
2021-06-28,11.180000305175781,11.600000381469727,11.0,11.5,11.5,1666100,ASTR,0.009757403567579814,0.9482758308846102,0.02783606041949731,0.05504590848330948,0.02720984806381217,0.3505310529052237
2021-06-29,11.640000343322754,13.649999618530273,11.640000343322754,13.329999923706055,13.329999923706055,3295900,ASTR,0.0019185747914842732,0.8527473017304054,0.12679166467036568,0.15913042814835254,0.032338763477986865,0.015131710719882134
2021-06-30,13.0,13.119999885559082,12.199999809265137,12.350000381469727,12.350000381469727,2300000,ASTR,-0.0016780925737093222,0.9298780423537526,-0.0526215464334357,-0.07351834567481863,-0.020896799241382928,0.03188983767005112
2021-07-01,12.300000190734863,14.979999542236328,11.510000228881836,12.899999618530273,12.899999618530273,9416100,ASTR,0.0012706667667650162,0.7683578491727735,0.04652158492543972,0.044534349803404094,-0.0019872351220356285,0.02731348832593553
2021-07-02,13.890000343322754,16.950000762939453,13.399999618530273,15.470000267028809,15.470000267028809,17588000,ASTR,0.008053101231080717,0.7905604138867577,0.10214315426202718,0.1992248623640922,0.09708170810206503,0.0788413211757897
2021-07-06,15.680000305175781,16.149999618530273,12.319999694824219,12.470000267028809,12.470000267028809,9438800,ASTR,0.0016605657624200187,0.7628482963360835,-0.25740780027337645,-0.19392371998815638,0.06348408028522007,-0.006451108943304894
2021-07-07,12.989999771118164,14.199999809265137,12.663999557495117,13.600000381469727,13.600000381469727,6314400,ASTR,9.683284021178018e-05,0.8918309667322799,0.044862984797169596,0.09061748919353962,0.04575450439637003,0.0021584127906239836
2021-07-08,12.850000381469727,14.479999542236328,12.319999694824219,13.859999656677246,13.859999656677246,5442400,ASTR,-0.007178920506270892,0.850828735103778,0.07288152238282623,0.019117593229024843,-0.05376392915380139,-0.09850124244883404
2021-07-09,14.300000190734863,15.369999885559082,13.399999618530273,13.579999923706055,13.579999923706055,6173000,ASTR,0.009762485818334499,0.8718282184972735,-0.053009165763906525,-0.02020200143629136,0.032807164327615164,-0.1841659961564928
2021-07-12,14.100000381469727,14.699999809265137,13.5,14.039999961853027,14.039999961853027,4284200,ASTR,0.0021303552642399914,0.9183673588547396,-0.004263534172344773,0.033873346151053196,0.03813688032339797,-0.49966886111959585
2021-07-13,13.75,14.239999771118164,13.020000457763672,13.09000015258789,13.09000015258789,2715100,ASTR,-0.0037730901597803346,0.9143258895390632,-0.050410155822658904,-0.06766380426255736,-0.017253648439898454,0.07484781782968354
2021-07-14,13.140000343322754,13.470000267028809,11.3100004196167,11.770000457763672,11.770000457763672,4371900,ASTR,-0.0022278903259194127,0.8396436670681255,-0.11638760682043221,-0.1008403116453177,0.015547295175114509,0.019141989312974683
2021-07-15,11.579999923706055,12.140000343322754,10.550000190734863,10.84000015258789,10.84000015258789,4347300,ASTR,-0.006952588512905256,0.8690279977246934,-0.06825566058133321,-0.07901446635563547,-0.010758805774302257,0.10186098052073754
2021-07-16,11.029999732971191,11.194999694824219,10.010000228881836,10.050000190734863,10.050000190734863,3360000,ASTR,-0.00796868689005259,0.8941492185577956,-0.09750239041167326,-0.07287822423733326,0.024624166174340004,0.08172811821748481
2021-07-19,9.821000099182129,9.869999885559082,8.930000305175781,9.5600004196167,9.5600004196167,6294800,ASTR,-0.010553630711868212,0.9047619461719928,-0.027291220513533675,-0.04875619520583663,-0.021464974692302952,0.3867042408980823
2021-07-20,9.770000457763672,9.770000457763672,9.0600004196167,9.170000076293945,9.170000076293945,2918000,ASTR,0.01568474398635078,0.9273285563069984,-0.06542079350902437,-0.04079501320130596,0.024625780307718406,-0.2397516622018223
2021-07-21,9.1899995803833,9.550000190734863,9.0600004196167,9.199999809265137,9.199999809265137,2925900,ASTR,0.009177971924420714,0.9486911244678772,0.0010969814227348895,0.003271508475637397,0.0021745270529025073,8.366570056892185
2021-07-22,9.140000343322754,9.180000305175781,8.899999618530273,8.989999771118164,8.989999771118164,2719700,ASTR,0.0035982499502607013,0.9694988368913626,-0.016675269858013996,-0.022826091576163443,-0.006150821718149447,-0.21578361135375643
2021-07-23,9.050000190734863,9.053000450134277,8.119999885559082,8.270000457763672,8.270000457763672,4952400,ASTR,0.010377581211183262,0.8969401835651785,-0.09430677022931085,-0.08008891342440372,0.014217856804907128,-0.11004068091770867
2021-07-26,8.390000343322754,9.579999923706055,8.3100004196167,8.90999984741211,8.90999984741211,3170300,ASTR,0.00025070627558165803,0.8674322010226017,0.058371337036429764,0.07738807185284036,0.019016734816410592,0.004295023693310148
2021-07-27,9.25,9.270000457763672,8.5,8.630000114440918,8.630000114440918,2460400,ASTR,-0.0121375515919806,0.9169363085501476,-0.07183239598347309,-0.03142533532730829,0.0404070606561648,0.1689704405067201
2021-07-28,8.829000473022461,8.920999526977539,8.539999961853027,8.609999656677246,8.609999656677246,1829500,ASTR,0.006957432752077386,0.9572918299152073,-0.025425635897543163,-0.0023175501156951217,0.02310808578184804,-0.2736384954190928
2021-07-29,8.649999618530273,8.970000267028809,8.5,8.65999984741211,8.65999984741211,1617300,ASTR,0.0010621237898131852,0.9476030933068756,0.0011647608612053617,0.005807223313428089,0.004642462452222728,0.9118814214911362
2021-07-30,8.550000190734863,8.619999885559082,8.3100004196167,8.369999885559082,8.369999885559082,1701700,ASTR,-0.0071442835489050616,0.9640371844480278,-0.02149541309879106,-0.03348729410655693,-0.01199188100776587,0.3323631658563877
2021-08-02,8.350000381469727,8.75,8.329999923706055,8.5,8.5,1563100,ASTR,0.0005718536203818125,0.951999991280692,0.017657013944738,0.015531674578061816,-0.002125339366676183,0.03238676835004889
2021-08-03,8.420000076293945,8.600000381469727,8.229999542236328,8.40999984741211,8.40999984741211,1303000,ASTR,0.005464160640535676,0.9569766485091521,-0.0011790878791054327,-0.010588253245634172,-0.009409165366528738,-4.634226792901394
2021-08-04,8.378999710083008,8.399999618530273,8.180000305175781,8.25,8.25,1820100,ASTR,0.0013034249936207942,0.9738096043636506,-0.015626328494910146,-0.01902495247503999,-0.0033986239801298453,-0.08341210758786682
2021-08-05,8.40999984741211,11.720000267028809,8.369999885559082,10.220000267028809,10.220000267028809,33530200,ASTR,0.0077527559316279415,0.7141637964894859,0.1771137546306159,0.23878791115500708,0.06167415652439118,0.043772749032376955
2021-08-06,10.270000457763672,11.5,10.260000228881836,10.770000457763672,10.770000457763672,10318700,ASTR,-0.003985221407782014,0.8921739329462466,0.04643525336566439,0.05381606422352481,0.007380810857860416,-0.08582318645705517
2021-08-09,10.920000076293945,11.543999671936035,10.800000190734863,11.199999809265137,11.199999809265137,5209600,ASTR,0.00164601761290184,0.93555097866038,0.025009976583889194,0.03992565768105383,0.014915681097164634,0.06581444038464888
2021-08-10,12.25,12.680000305175781,10.5,11.720000267028809,11.720000267028809,8328700,ASTR,-0.00485120942451589,0.8280756898494759,-0.04521181918904966,0.046428613091002324,0.09164043228005198,0.1072995847442223
2021-08-11,11.34000015258789,11.350000381469727,10.5,10.770000457763672,10.770000457763672,4550100,ASTR,-0.0015519377793203892,0.9251101010659474,-0.05291476050113137,-0.08105800235668215,-0.028143241855550775,0.029329014524920833
2021-08-12,11.079999923706055,11.4399995803833,10.5,11.430000305175781,11.430000305175781,4286800,ASTR,0.003462216978957544,0.9178322014980523,0.03063120491031295,0.061281320274814144,0.030650115364501195,0.11302908224128921
2021-08-13,10.829999923706055,11.789999961853027,10.75,11.220000267028809,11.220000267028809,7302900,ASTR,0.00044819847282950853,0.911789655197796,0.03476938806069479,-0.01837270625897358,-0.05314209431966837,0.01289060572613806
2021-08-16,11.140000343322754,11.350000381469727,10.630000114440918,10.680000305175781,10.680000305175781,4798600,ASTR,-0.0019659192352415866,0.9365638552572828,-0.043061163389765574,-0.048128337700657275,-0.005067174310891702,0.045654113370026374
2021-08-17,10.470000267028809,10.649999618530273,9.449999809265137,9.859999656677246,9.859999656677246,5291800,ASTR,-0.009299872399218145,0.8873239575354332,-0.06185618981659575,-0.0767790847441403,-0.014922894927544554,0.15034667390268242
2021-08-18,9.880000114440918,10.289999961853027,9.67199993133545,9.930000305175781,9.930000305175781,2287000,ASTR,-0.008888368867441265,0.9399416877737006,0.005045265780284237,0.007099457498574102,0.0020541917182898654,-1.7617246057036302
2021-08-19,9.699999809265137,10.199999809265137,9.4399995803833,9.5,9.5,3462400,ASTR,0.0010932108653904926,0.9254901722457395,-0.021042611501593433,-0.043303151254854844,-0.02226053975326141,-0.05195224296697728
2021-08-20,9.5,10.34000015258789,9.479999542236328,9.619999885559082,9.619999885559082,4061100,ASTR,0.011887815511235633,0.9168277951972446,0.012484000726259704,0.012631566900956015,0.00014756617469631125,0.9522440579669293
2021-08-23,9.90999984741211,11.25,9.75,10.579999923706055,10.579999923706055,5415800,ASTR,0.01549408766183169,0.8666666666666667,0.0633370398039144,0.09979210494462287,0.03645506514070847,0.24462917291051092
2021-08-24,10.739999771118164,11.649999618530273,10.720000267028809,11.579999923706055,11.579999923706055,5211500,ASTR,0.005163034136896005,0.9201717268709413,0.07254887375839096,0.09451795909368133,0.021969085335290364,0.07116628928093942
2021-08-25,11.779999732971191,11.789999961853027,10.65999984741211,11.050000190734863,11.050000190734863,4687000,ASTR,0.0014687643751494228,0.9041560544446926,-0.06605330584938936,-0.04576854373601502,0.020284762113374336,-0.022236046421331403
2021-08-26,11.095999717712402,11.59000015258789,10.800000190734863,11.380000114440918,11.380000114440918,4151300,ASTR,-0.006385565282822414,0.9318377953880673,0.02496609787983455,0.029864245973746817,0.004898148093912268,-0.2557694563866995
2021-08-27,11.5600004196167,11.949999809265137,11.359999656677246,11.670000076293945,11.670000076293945,5236000,ASTR,0.012290430225497584,0.9506276015058638,0.009435848839598183,0.025483300433804423,0.01604745159420624,1.3025251288384312
2021-08-30,8.960000038146973,9.850000381469727,8.869999885559082,9.489999771118164,9.489999771118164,12449900,ASTR,0.009014815323540093,0.9005075677200717,0.05585823453675847,-0.18680379528052982,-0.2426620298172883,0.16138740148702227
2021-08-31,9.359999656677246,9.600000381469727,9.199999809265137,9.430000305175781,9.430000305175781,3860900,ASTR,-0.00043557330857424414,0.9583332753843754,0.00743318623893512,-0.006322388555264791,-0.01375557479419991,-0.05859846566102513
2021-09-01,9.399999618530273,9.6899995803833,9.319999694824219,9.600000381469727,9.600000381469727,3375900,ASTR,0.003285854843843916,0.9618163156262546,0.02084341197834765,0.018027579087207313,-0.002815832891140336,0.15764476791310827
2021-09-02,9.630000114440918,10.470000267028809,9.520000457763672,10.149999618530273,10.149999618530273,4307700,ASTR,0.0014239508624365182,0.909264585956431,0.05124148016084867,0.057291584917243954,0.006050104756395287,0.02778902674096631
2021-09-03,10.197999954223633,10.460000038146973,9.815999984741211,10.270000457763672,10.270000457763672,3303200,ASTR,0.0021094165230068906,0.9384321174897579,0.0070207595258780404,0.011822743225952337,0.004801983700074296,0.3004541766787091
2021-09-07,10.156999588012695,10.229999542236328,8.949999809265137,9.029999732971191,9.029999732971191,8373400,ASTR,0.0007036504137616362,0.8748778308653397,-0.12479618918807873,-0.12074008466621777,0.004056104521860962,-0.005638396639669611
2021-09-08,9.140000343322754,9.1899995803833,8.770000457763672,8.779999732971191,8.779999732971191,3314500,ASTR,-0.005703691103410624,0.9542982435476769,-0.04099234866746821,-0.027685493620467794,0.013306855047000417,0.13914038323783848
2021-09-09,8.895000457763672,9.630000114440918,8.850000381469727,9.239999771118164,9.239999771118164,5472400,ASTR,-0.002511320298010933,0.9190031439561955,0.03734758895025841,0.05239180548258471,0.0150442165323263,-0.06724183189859052
2021-09-10,9.260000228881836,9.890000343322754,9.109999656677246,9.6899995803833,9.6899995803833,4183600,ASTR,-0.008706557514796764,0.9211323903368591,0.04438557999197106,0.04870127926536516,0.004315699273394098,-0.19615734471356913
2021-09-13,9.739999771118164,9.779999732971191,9.109999656677246,9.220000267028809,9.220000267028809,2505900,ASTR,-0.0006556291656001356,0.931492832864281,-0.05638907690121237,-0.04850354321025685,0.007885533690955522,0.011626882396899806
2021-09-14,9.255000114440918,9.550000190734863,9.140000343322754,9.289999961853027,9.289999961853027,2203300,ASTR,-0.004489752273612702,0.9570680796624612,0.0037774755173118246,0.0075921575701620725,0.003814682052850248,-1.1885589338796712
2021-09-15,9.260000228881836,9.430000305175781,9.15999984741211,9.220000267028809,9.220000267028809,1496200,ASTR,0.008230648031459342,0.9713679269325709,-0.004328390530862491,-0.00753495103462376,-0.0032065605037612695,-1.901549310944286
2021-09-16,9.270000457763672,9.550000190734863,9.180000305175781,9.369999885559082,9.369999885559082,2941700,ASTR,0.001344827868280607,0.9612565572597532,0.010682297653869566,0.016268938631887053,0.005586640978017487,0.12589312822541088
2021-09-17,9.350000381469727,9.789999961853027,9.3149995803833,9.619999885559082,9.619999885559082,11304600,ASTR,-0.009086478918501784,0.9514810640121985,0.02807647685044794,0.026680896803989995,-0.0013955800464579456,-0.3236331597764844
2021-09-20,9.09000015258789,9.265999794006348,8.859999656677246,9.039999961853027,9.039999961853027,3026200,ASTR,-0.021940308438318068,0.9561838823273318,-0.005520994573656356,-0.06029105307752791,-0.05477005850387155,3.9739775407509215
2021-09-21,9.100000381469727,9.279999732971191,8.880000114440918,8.970000267028809,8.970000267028809,2852500,ASTR,0.0022087957059100383,0.9568965915905038,-0.01448276594993676,-0.007743329106150831,0.006739436843785928,-0.15251200727438968
2021-09-22,9.050000190734863,9.229999542236328,9.005000114440918,9.029999732971191,9.029999732971191,1804600,ASTR,0.010202436849988672,0.9756230293657311,-0.0022048901832903522,0.0066889034733839114,0.008893793656674264,-4.6271859375615705
2021-09-23,9.199999809265137,9.489999771118164,9.100000381469727,9.390000343322754,9.390000343322754,2169800,ASTR,0.010431106514105393,0.9589041729131164,0.020244347935112362,0.03986717840501086,0.0196228304698985,0.5152601875614571
2021-09-24,9.220000267028809,9.380000114440918,9.130000114440918,9.329999923706055,9.329999923706055,1369200,ASTR,-0.0003016188282812804,0.9733475482995876,0.01179988827189098,-0.006389820811813496,-0.018189709083704476,-0.02556115967638266
2021-09-27,9.289999961853027,9.640000343322754,9.270999908447266,9.34000015258789,9.34000015258789,2063900,ASTR,-0.0051656045602379574,0.9617219479529292,0.005363339391649725,0.0010718359017802825,-0.004291503489869442,-0.963132142687143
2021-09-28,9.359999656677246,9.40999984741211,8.824999809265137,8.84000015258789,8.84000015258789,2797400,ASTR,-0.028275944894625926,0.9378320884555746,-0.058813472297919285,-0.053533189703585005,0.00528028259433428,0.480773261462855
2021-09-29,8.930000305175781,9.039999961853027,8.539999961853027,8.600000381469727,8.600000381469727,2377500,ASTR,-0.0023537507216799813,0.9446902652533298,-0.03836208244979839,-0.027149294906731902,0.01121278754306649,0.06135617702089453
2021-09-30,8.631999969482422,8.729999542236328,8.359999656677246,8.6899995803833,8.6899995803833,2230500,ASTR,-0.004400386817909885,0.9576174221122238,0.006684293866688607,0.010465022665288926,0.0037807287986003184,-0.6583173788691957
2021-10-01,8.6899995803833,8.739999771118164,8.300000190734863,8.449999809265137,8.449999809265137,2194600,ASTR,0.00817520590596521,0.9496567972647659,-0.028392340418400174,-0.027617926663648706,0.0007744137547514678,-0.28793702053061887
2021-10-04,8.289999961853027,8.390000343322754,7.670000076293945,7.78000020980835,7.78000020980835,4010000,ASTR,-0.02136514944288126,0.9141835235320549,-0.06554266559012618,-0.07928989521658392,-0.013747229626457733,0.32597315428837026
2021-10-05,7.760000228881836,7.800000190734863,7.380000114440918,7.53000020980835,7.53000020980835,3194800,ASTR,0.01251095042120598,0.9461538376892814,-0.03053449039375795,-0.0321336752259751,-0.0015991848322171494,-0.40973175775560167
2021-10-06,7.349999904632568,7.760000228881836,7.340000152587891,7.659999847412109,7.659999847412109,1989300,ASTR,0.004716702202846257,0.9458762804244834,0.04047996722647101,0.01726422762039581,-0.023215739606075196,0.11651941752961377
2021-10-07,7.699999809265137,8.008000373840332,7.635000228881836,7.739999771118164,7.739999771118164,1498600,ASTR,0.010488919967170274,0.953421562494306,0.005177953880604425,0.010443854477762526,0.005265900597158101,2.025688178965761
2021-10-08,7.965000152587891,8.229999542236328,7.75,7.829999923706055,7.829999923706055,2635600,ASTR,-0.00508252988394553,0.9416768446009053,-0.017231408709738338,0.01162792703479476,0.028859335744533098,0.2949573055552409
2021-10-11,8.050000190734863,8.069999694824219,7.480000019073486,7.5,7.5,2454600,ASTR,-0.006402111692132784,0.9268897524086481,-0.07332335876464853,-0.04214558453659101,0.031177774228057523,0.08731339916768026
2021-10-12,7.868000030517578,8.600000381469727,7.409999847412109,8.380000114440918,8.380000114440918,8396900,ASTR,-0.0013999719156209123,0.861627851014787,0.06110786120897909,0.11733334859212241,0.05622548738314332,-0.02290984969729562
2021-10-13,8.420000076293945,8.550000190734863,8.069999694824219,8.5,8.5,2278300,ASTR,0.00730819243666847,0.9438595923739519,0.009421755730124094,0.014319795217220932,0.004898039487096838,0.7756720345977611
2021-10-14,8.569999694824219,8.994999885559082,8.444999694824219,8.850000381469727,8.850000381469727,2896400,ASTR,0.017279458258460334,0.9388548974171912,0.031648494302415835,0.04117651546702672,0.009528021164610885,0.5459804214806306
2021-10-15,9.079999923706055,9.149999618530273,8.699999809265137,8.8100004196167,8.8100004196167,2483300,ASTR,0.004986036147378581,0.9508196909261273,-0.03063693430526555,-0.0045197695060872345,0.026117164799178316,-0.1627459228687132
2021-10-18,8.899999618530273,9.40999984741211,8.779999732971191,9.260000228881836,9.260000228881836,2229900,ASTR,0.008355164604418874,0.9330499336177803,0.03888695480057596,0.05107829600815328,0.012191341207577318,0.21485777549995055
2021-10-19,9.34000015258789,9.420000076293945,9.079999923706055,9.369999885559082,9.369999885559082,2108600,ASTR,0.007141634497185745,0.9639065658350128,0.0032116791182064575,0.011879012306518,0.008667333188311543,2.2236450885460646
2021-10-20,9.319999694824219,9.4399995803833,9.069999694824219,9.350000381469727,9.350000381469727,1695600,ASTR,-0.0004897952438996933,0.9608050951264917,0.0032186294568463014,-0.002134418818956263,-0.005353048275802564,-0.15217509516600514
2021-10-21,9.289999961853027,9.729999542236328,9.288999557495117,9.510000228881836,9.510000228881836,2507700,ASTR,0.00621759683814882,0.9546762584286975,0.023143571160247612,0.017112282447517835,-0.006031288712729777,0.26865330311807845
2021-10-22,9.510000228881836,9.515000343322754,9.164999961853027,9.40999984741211,9.40999984741211,2834100,ASTR,-0.008248059464175173,0.963215936012515,-0.010617033272187392,-0.010515286967714865,0.00010174630447252683,0.7768704545536244
2021-10-25,9.430000305175781,9.869999885559082,9.40999984741211,9.8100004196167,9.8100004196167,3284800,ASTR,0.009046252790430476,0.953394119201561,0.03874599369894476,0.04250803174184914,0.0037620380429043768,0.23347582360952193
2021-10-26,10.010000228881836,10.048999786376953,9.319999694824219,9.390000343322754,9.390000343322754,5425000,ASTR,0.0005910666206350168,0.9274554575529983,-0.06601767442920965,-0.04281346160333355,0.023204212825876105,-0.008953157252893147
2021-10-27,9.15999984741211,9.430000305175781,8.829999923706055,9.239999771118164,9.239999771118164,4158700,ASTR,8.524894004491301e-06,0.9363732383825684,0.00866800061555344,-0.01597450124815547,-0.02464250186370891,0.0009834902398593102
2021-10-28,9.170000076293945,9.819999694824219,9.170000076293945,9.609999656677246,9.609999656677246,2925800,ASTR,0.013932955164567495,0.9338085907606631,0.04579559792950454,0.04004327864981172,-0.005752319279692823,0.3042422371253934
2021-10-29,9.529999732971191,9.869999885559082,9.520000457763672,9.739999771118164,9.739999771118164,1773200,ASTR,0.0032540872849680103,0.9645390646551578,0.021570579371847854,0.013527587834052834,-0.00804299153779502,0.15085766723609553
2021-11-01,9.800000190734863,10.005000114440918,9.569999694824219,9.979999542236328,9.979999542236328,1925000,ASTR,0.0062929295010552,0.9565216976870562,0.018046007991752867,0.02464063416406126,0.0065946261723083925,0.34871587688153005
2021-11-02,9.979999542236328,10.25,9.850000381469727,10.100000381469727,10.100000381469727,2493600,ASTR,0.0034419058169636862,0.9609756469726562,0.011891270762480578,0.012024132739239413,0.00013286197675883502,0.2894481074153666
2021-11-03,10.039999961853027,10.189000129699707,9.840999603271484,10.100000381469727,10.100000381469727,1689300,ASTR,0.010350454503191608,0.9658454684465217,0.005950635381240233,0.0,-0.005950635381240233,1.7393864419624991
2021-11-04,10.0,10.100000381469727,9.6899995803833,9.850000381469727,9.850000381469727,2054500,ASTR,0.008141469198615692,0.9594058628117831,-0.015218387078284778,-0.024752474312641604,-0.009534087234356826,-0.5349758260671929
2021-11-05,9.949999809265137,10.229999542236328,9.829999923706055,10.130000114440918,10.130000114440918,1834200,ASTR,0.0019623378893316445,0.9608993512776999,0.01777903288670062,0.028426367728669355,0.010647334841968736,0.11037371390428928
2021-11-08,10.300000190734863,10.319999694824219,9.904999732971191,9.989999771118164,9.989999771118164,2207800,ASTR,0.0006743541449454327,0.9597868242126827,-0.0310210737456605,-0.013820369372274266,0.017200704373386232,-0.021738581664658443
2021-11-09,10.0,10.350000381469727,9.710000038146973,10.1899995803833,10.1899995803833,2985500,ASTR,-0.005995379305199555,0.9381642203155289,0.01865569069748223,0.020020001386121367,0.0013643106886391358,-0.3213699992361414
2021-11-10,10.050000190734863,10.300000190734863,9.670000076293945,9.789999961853027,9.789999961853027,2873700,ASTR,-0.01660714526110052,0.9388349414781934,-0.02654773543359885,-0.03925413493640473,-0.012706399502805877,0.6255578861947861
2021-11-11,9.75,9.8149995803833,9.420000076293945,9.720000267028809,9.720000267028809,2972200,ASTR,0.005221265241686979,0.9597555251170037,-0.0030763921961969964,-0.007150122073235399,-0.004073729877038402,-1.6972040327437612
2021-11-12,9.65999984741211,10.829999923706055,9.65999984741211,10.600000381469727,10.600000381469727,5527600,ASTR,0.009976877944862572,0.8919667511970242,0.08868929247444828,0.09053498871043897,0.001845696235990693,0.11249247419283392
2021-11-15,10.234999656677246,10.59000015258789,9.90999984741211,10.5600004196167,10.5600004196167,2846200,ASTR,-0.0004482926367641582,0.9357884518056774,0.030786586176617715,-0.003773581171086837,-0.03456016734770455,-0.014561297384269083
2021-11-16,10.180999755859375,10.524999618530273,10.09000015258789,10.34000015258789,10.34000015258789,2504200,ASTR,0.007569817119782218,0.9586698829730573,0.015387214156879981,-0.020833357792309104,-0.03622057194918908,0.49195501164826366
2021-11-17,10.222000122070312,10.739999771118164,10.112000465393066,10.229999542236328,10.229999542236328,3626100,ASTR,-0.003273475409930282,0.9415270652599171,0.0007919570404660192,-0.010638356743547184,-0.011430313784013203,-4.133400225855733
2021-11-18,10.194999694824219,10.220000267028809,9.229999542236328,9.779999732971191,9.779999732971191,6241400,ASTR,0.004530938030708143,0.9031310470718513,-0.04242353509038883,-0.04398825311841259,-0.0015647180280237635,-0.10680246285592168
2021-11-19,9.15999984741211,9.678999900817871,9.130999565124512,9.529999732971191,9.529999732971191,3071900,ASTR,0.0039847207999677,0.9433825455823123,0.03883475298283417,-0.025562372886082874,-0.06439712586891705,0.10260708499237876
2021-11-22,12.47700023651123,13.579999923706055,11.109999656677246,11.170000076293945,11.170000076293945,74575900,ASTR,-0.012622227368676908,0.8181148541306669,-0.11699986135095271,0.17208818355459155,0.28908804490554424,0.1078824130467581
2021-11-23,11.260000228881836,11.369999885559082,10.010000228881836,10.1899995803833,10.1899995803833,10805000,ASTR,-0.005021843179240482,0.8803870122809264,-0.10499497473605264,-0.08773504827367873,0.017259926462373912,0.04782936699461014
2021-11-24,10.180000305175781,10.649999618530273,10.109999656677246,10.470000267028809,10.470000267028809,4228600,ASTR,0.004443118848677985,0.9492957764136006,0.027708180941434058,0.027477988044723345,-0.00023019289671071322,0.16035404338051892
2021-11-26,10.15999984741211,11.270000457763672,10.135000228881836,11.270000457763672,11.270000457763672,5019300,ASTR,-0.0223139898909841,0.8992901346246213,0.09850162069793049,0.07640880327903643,-0.02209281741889406,-0.22653424109044037
2021-11-29,11.079999923706055,11.289999961853027,10.649999618530273,11.100000381469727,11.100000381469727,3914800,ASTR,0.01879526912792029,0.9433126354751811,0.0018118429798489777,-0.015084300744356738,-0.016896143724205715,10.373564010214025
2021-11-30,11.020000457763672,11.319999694824219,10.460000038146973,10.970000267028809,10.970000267028809,5806100,ASTR,-0.01553204635822969,0.9240282968319814,-0.004547902417299254,-0.011711721619211746,-0.007163819201912492,3.4152109990638957
2021-12-01,10.979999542236328,11.100000381469727,9.979999542236328,10.029999732971191,10.029999732971191,3990100,ASTR,-0.018255005548189707,0.8990990269601142,-0.09470583594785571,-0.08568828725399968,0.009017548693856028,0.19275481141669842
2021-12-02,10.0,10.270000457763672,9.779999732971191,10.25,10.25,3393700,ASTR,0.008343391390618793,0.9522881496639017,0.024400243902439046,0.02193422461474359,-0.002466019287695454,0.34193885208601493
2021-12-03,10.25,10.25,9.010000228881836,9.15999984741211,9.15999984741211,5236000,ASTR,-0.019234407705369105,0.8790244125738377,-0.11898565182807704,-0.10634147830125762,0.012644173526819416,0.1616531691834659
2021-12-06,9.010000228881836,9.050000190734863,8.5600004196167,8.59000015258789,8.59000015258789,6643600,ASTR,0.009259285033501596,0.9458563800230841,-0.04888407087698516,-0.06222704195625672,-0.013342971079271564,-0.18941313330475734
2021-12-07,8.829999923706055,9.189000129699707,8.760000228881836,8.9399995803833,8.9399995803833,3614600,ASTR,0.03032939047579708,0.9533137561472762,0.012314212733814212,0.04074498504985091,0.0284307723160367,2.462958138810944
2021-12-08,8.994000434875488,9.470000267028809,8.819999694824219,9.369999885559082,9.369999885559082,3888900,ASTR,0.006379219948745574,0.9313621379222489,0.04013801016818357,0.04809847039806514,0.007960460229881568,0.1589321424259897
2021-12-09,9.329999923706055,9.569999694824219,8.989999771118164,9.050000190734863,9.050000190734863,2002300,ASTR,-0.017078626969719846,0.9393939454334843,-0.030929196361326804,-0.034151515339653105,-0.0032223189783263002,0.5521846339038602
2021-12-10,9.029999732971191,9.140000343322754,8.8100004196167,8.890000343322754,8.890000343322754,2100100,ASTR,0.007296951180025157,0.9638949768807026,-0.015737962231923874,-0.017679540777901015,-0.0019415785459771413,-0.4636528587686888
2021-12-13,8.850000381469727,9.199999809265137,8.420000076293945,8.449999809265137,8.449999809265137,3826200,ASTR,-0.01390345484936839,0.9152174185715016,-0.047327346891535234,-0.04949387143591055,-0.0021665245443753187,0.29377211617698146
2021-12-14,8.350000381469727,8.90999984741211,8.260000228881836,8.539999961853027,8.539999961853027,2950800,ASTR,-0.0113954084973521,0.9270483019459238,0.022258194523653674,0.010650905872117145,-0.01160728865153653,-0.5119646377985535
2021-12-15,8.600000381469727,8.835000038146973,8.109999656677246,8.779999732971191,8.779999732971191,3565500,ASTR,0.021521734156584316,0.9179399684958252,0.020511065714788158,0.02810301782086766,0.007591952106079502,1.049274301776893
2021-12-16,8.859999656677246,9.3100004196167,8.630999565124512,8.65999984741211,8.65999984741211,3770500,ASTR,-0.024743722282876468,0.9270675806779242,-0.023084666603822534,-0.013667413349507385,0.00941725325431515,1.0718682971483424
2021-12-17,8.5,8.925000190734863,8.069999694824219,8.670000076293945,8.670000076293945,12413700,ASTR,-0.0007081485979841817,0.904201627155344,0.019617851764473438,0.0011547608612054727,-0.018463090903267965,-0.036097153066809766
2021-12-20,8.284000396728516,8.4399995803833,7.949999809265137,8.079999923706055,8.079999923706055,3576600,ASTR,-0.012441874957189958,0.941943152194338,-0.025237583533254847,-0.06805076671234478,-0.04281318317908993,0.4929899465531497
2021-12-21,8.15999984741211,8.289999961853027,8.039999961853027,8.130000114440918,8.130000114440918,2644000,ASTR,0.02404050772065003,0.969843184420942,-0.003680004003555236,0.006188142476111436,0.009868146479666672,-6.532739556104993
2021-12-22,8.130000114440918,8.295000076293945,7.934999942779541,8.270000457763672,8.270000457763672,3948600,ASTR,0.011785329890441787,0.9566003459670557,0.016938698376470485,0.01722021418844477,0.00028151581197428596,0.695763607598844
2021-12-23,8.210000038146973,8.395000457763672,8.109999656677246,8.270000457763672,8.270000457763672,2733700,ASTR,0.008470648337796538,0.9660511273917969,0.0072651893948654685,0.0,-0.0072651893948654685,1.1659225764689636
2021-12-27,8.270000457763672,8.3100004196167,7.965000152587891,8.010000228881836,8.010000228881836,3313200,ASTR,0.013919663740542099,0.9584837244755853,-0.03244945336485101,-0.031438961848878066,0.0010104915159729402,-0.4289645062440334
2021-12-28,8.010000228881836,8.0600004196167,7.659999847412109,7.710000038146973,7.710000038146973,2948900,ASTR,-0.005641646623189445,0.9503721400273063,-0.03890053038269065,-0.03745320626248494,0.0014473241202057133,0.14502749879471505
2021-12-29,7.739999771118164,7.75,6.53000020980835,6.610000133514404,6.610000133514404,11845900,ASTR,-0.000982148984303155,0.8425806722333354,-0.1709430430830659,-0.14267184165889357,0.028271201424172332,0.005745475022495662
2021-12-30,6.400000095367432,6.989999771118164,6.039999961853027,6.75,6.75,7510000,ASTR,-0.001564113444927684,0.8640915822071381,0.051861837723343455,0.021180009630523244,-0.03068182809282021,-0.030159236802818946
2021-12-31,6.699999809265137,7.078000068664551,6.650000095367432,6.929999828338623,6.929999828338623,4015200,ASTR,-0.00613597676383737,0.9395309453030463,0.03319903676345775,0.026666641235351562,-0.006532395528106187,-0.18482393954848872
2022-01-03,6.9039998054504395,6.949999809265137,6.320000171661377,6.75,6.75,7450000,ASTR,0.012005780861697346,0.9093525676412395,-0.02280478599265774,-0.025974001846660322,-0.0031692158540025835,-0.5264588260360236
2022-01-04,6.800000190734863,6.892000198364258,6.46999979019165,6.659999847412109,6.659999847412109,4068100,ASTR,-0.013268662568625578,0.9387695304662405,-0.021011073052599926,-0.0133333559389468,0.007677717113653126,0.6315080879214641
2022-01-05,6.659999847412109,6.675000190734863,6.050000190734863,6.099999904632568,6.099999904632568,5642500,ASTR,-0.033448068827544475,0.9063670438740178,-0.09179327074337425,-0.0840840774188818,0.00770919332449245,0.36438475888995164
2022-01-06,6.039999961853027,6.179999828338623,5.690000057220459,5.96999979019165,5.96999979019165,5217500,ASTR,-0.0012787651008169254,0.9207120089435518,-0.011715322298399954,-0.0213114945038263,-0.009596172205426346,0.10915321561333191
2022-01-07,6.21999979019165,6.427000045776367,6.0,6.130000114440918,6.130000114440918,3281400,ASTR,-0.009612181106264384,0.9335615306153641,-0.014671839163218413,0.026800725271739267,0.041472564434957684,0.6551449344102445
2022-01-10,6.130000114440918,6.130000114440918,5.60099983215332,5.829999923706055,5.829999923706055,6765400,ASTR,0.0004639618180870553,0.9137030550715015,-0.05144800937578015,-0.04893967131063004,0.0025083380651501133,-0.009018071325136082
2022-01-11,5.75,6.09499979019165,5.559999942779541,5.949999809265137,5.949999809265137,3821100,ASTR,0.014095062052256635,0.9122231557295448,0.0336234143993927,0.020583171034211478,-0.013040243365181219,0.419203769279042
2022-01-12,6.099999904632568,6.28000020980835,5.880000114440918,5.980000019073486,5.980000019073486,5009200,ASTR,0.0023057094374328013,0.9363057194261402,-0.020056870430825557,0.005042052230259664,0.02509892266108522,-0.1149585846598051
2022-01-13,5.989999771118164,5.989999771118164,5.449999809265137,5.480000019073486,5.480000019073486,5461000,ASTR,-0.025123142542254673,0.9098497525063803,-0.09305564785941452,-0.08361203986709476,0.00944360799231976,0.2699797714611574
2022-01-14,5.480000019073486,5.619999885559082,5.320000171661377,5.539999961853027,5.539999961853027,5516200,ASTR,0.005871651774452147,0.9466192669027321,0.010840314655719264,0.010948894629691175,0.00010857997397191108,0.541649570232199
2022-01-18,5.539999961853027,5.573999881744385,5.230000019073486,5.25,5.25,5061600,ASTR,-0.025973956147712918,0.9382849174795383,-0.05522808797200513,-0.05234656387182135,0.0028815241001837813,0.4703033746321075
2022-01-19,5.170000076293945,5.329999923706055,5.059999942779541,5.099999904632568,5.099999904632568,5613900,ASTR,-0.011486990364095284,0.9493433424406548,-0.013715524111832366,-0.028571446736653683,-0.014855922624821317,0.8375174197087716
2022-01-20,5.230000019073486,5.570000171661377,5.139999866485596,5.210000038146973,5.210000038146973,4064800,ASTR,-0.012987228782384785,0.9228006657228659,-0.0038287679040452482,0.021568654033598422,0.02539742193764367,3.3920125502157634
2022-01-21,5.177999973297119,5.260000228881836,4.789999961853027,4.860000133514404,4.860000133514404,6345400,ASTR,-0.02720779129382689,0.9106463409548708,-0.06542206400135638,-0.06717848408251681,-0.0017564200811604341,0.41588096782245815
2022-01-24,4.610000133514404,4.820000171661377,4.26200008392334,4.800000190734863,4.800000190734863,6508300,ASTR,0.0062611999653316985,0.8842323510653106,0.03959334368136152,-0.012345666899427288,-0.05193901058078881,0.15813769141905398
2022-01-25,4.619999885559082,4.869999885559082,4.578999996185303,4.800000190734863,4.800000190734863,3164500,ASTR,-0.02279587751406098,0.9402464278825394,0.03751006208816914,0.0,-0.03751006208816914,-0.6077270003040307
2022-01-26,4.929999828338623,5.03000020980835,4.610000133514404,4.650000095367432,4.650000095367432,4306000,ASTR,0.00020902706987113717,0.916500982350864,-0.06020499510293382,-0.031250018626450715,0.028954976476483103,-0.003471922379758672
2022-01-27,4.736999988555908,4.789999961853027,4.264999866485596,4.329999923706055,4.329999923706055,6551000,ASTR,-0.013981551050466057,0.8903966389251633,-0.09398539769541177,-0.06881723980611909,0.025168157889292678,0.14876301418415572
2022-01-28,4.309999942779541,4.380000114440918,4.010000228881836,4.349999904632568,4.349999904632568,5045900,ASTR,0.03128861783890824,0.915525142490479,0.009205393731027179,0.004618933320764462,-0.004586460410262717,3.398944005344236
2022-01-31,4.349999904632568,4.789999961853027,4.322000026702881,4.78000020980835,4.78000020980835,4717800,ASTR,0.03408061973195786,0.9022964636999498,0.08996821889158906,0.09885064703515245,0.008882428143563395,0.3788073183156457
2022-02-01,5.1479997634887695,5.320000171661377,4.570000171661377,5.019999980926514,5.019999980926514,16075200,ASTR,0.007452318282233916,0.8590225609399214,-0.02548796475071542,0.0502091549338628,0.07569711968457822,-0.29238577325106896
2022-02-02,5.099999904632568,5.190000057220459,4.889999866485596,5.070000171661377,5.070000171661377,4733500,ASTR,0.004987439334134924,0.9421964956787436,-0.005907106894566704,0.009960197395386228,0.015867304289952932,-0.8443116779759512
2022-02-03,4.901000022888184,4.989999771118164,4.807000160217285,4.869999885559082,4.869999885559082,3765700,ASTR,-0.03736623070394007,0.9633267296002557,-0.006355531428661031,-0.03944778685022354,-0.03309225542156251,5.879324352867264
2022-02-04,5.019999980926514,5.440000057220459,4.949999809265137,5.329999923706055,5.329999923706055,8690100,ASTR,0.01579308962791215,0.9099264259556488,0.058171340941256915,0.09445586220874502,0.03628452126748811,0.27149261771119326
2022-02-07,5.599999904632568,5.690000057220459,4.300000190734863,4.599999904632568,4.599999904632568,31817600,ASTR,-0.0058405296292791675,0.7557118009653229,-0.21738130885479362,-0.13696060591421222,0.0804207029405814,0.026867671650558166
2022-02-08,4.539999961853027,5.010000228881836,4.539999961853027,4.920000076293945,4.920000076293945,5735500,ASTR,0.012755742282319904,0.9061875757371559,0.07724579442038508,0.06956525615122544,-0.00768053826915964,0.16513186741145972
2022-02-09,5.070000171661377,5.328000068664551,4.900000095367432,5.289999961853027,5.289999961853027,6679400,ASTR,0.020847579004696026,0.919669675716728,0.04159786233990575,0.07520322760600218,0.03360536526609643,0.501169479199331
2022-02-10,5.188000202178955,6.0,3.25,3.9100000858306885,3.9100000858306885,29667700,ASTR,-0.021029860954935087,0.5416666666666666,-0.326844242530471,-0.2608695436623294,0.06597469886814161,0.06434214900687601
2022-02-11,3.819999933242798,3.825000047683716,3.25,3.319999933242798,3.319999933242798,22093100,ASTR,-0.027809056735481952,0.8496731920220719,-0.15059241266680595,-0.15089517637760963,-0.00030276371080367737,0.18466439472625376
2022-02-14,3.2049999237060547,3.450000047683716,3.0999999046325684,3.200000047683716,3.200000047683716,10276700,ASTR,-1.6711350646736456e-05,0.8985506845757486,-0.001552461233698409,-0.0361445445698767,-0.034592083336178296,0.010764423796222734
2022-02-15,3.25,3.569999933242798,3.25,3.549999952316284,3.549999952316284,6735500,ASTR,0.025294892996708285,0.9103641626816147,0.08451702995658965,0.10937496856786355,0.024857938611273903,0.2992875283206291
2022-02-16,3.4140000343322754,3.700000047683716,3.2899999618530273,3.5899999141693115,3.5899999141693115,6117100,ASTR,-0.0011082169806798658,0.8891891674197794,0.04903503733840913,0.011267595039523348,-0.03776744229888578,-0.022600512630012823
2022-02-17,3.4700000286102295,3.630000114440918,3.3299999237060547,3.4000000953674316,3.4000000953674316,3377300,ASTR,-0.02884222075150311,0.9173553219622781,-0.020578215082162576,-0.05292474187867602,-0.03234652679651344,1.4015900133391
2022-02-18,3.359999895095825,3.390000104904175,3.1500000953674316,3.2799999713897705,3.2799999713897705,4244400,ASTR,-0.012295170961021396,0.9292035392006198,-0.024380220854836775,-0.03529415312110251,-0.010913932266265736,0.5043092527433838
2022-02-22,3.2300000190734863,3.305000066757202,3.1050000190734863,3.130000114440918,3.130000114440918,4248200,ASTR,-0.012293321292873194,0.9394856146311816,-0.03193885015217652,-0.045731664102818925,-0.013792813950642406,0.38490181187801614
2022-02-23,3.2200000286102295,3.365000009536743,3.059999942779541,3.069999933242798,3.069999933242798,5044300,ASTR,-0.025709284814148692,0.9093610502547395,-0.04884996698019101,-0.019169386263373167,0.029680580716817846,0.526290730648272
2022-02-24,2.930000066757202,3.4000000953674316,2.869999885559082,3.380000114440918,3.380000114440918,6326600,ASTR,0.03344965952305512,0.8441175897228692,0.1331461042744077,0.10097725991500961,-0.0321688443593981,0.25122522138625236
2022-02-25,3.3499999046325684,3.369999885559082,3.119999885559082,3.3399999141693115,3.3399999141693115,3193100,ASTR,0.01640470550170625,0.9258160212196788,-0.002984009197675007,-0.011834378377890364,-0.008850369180215357,-5.497538517806174
2022-02-28,3.3299999237060547,3.549999952316284,3.25,3.4800000190734863,3.4800000190734863,4102100,ASTR,0.004146173676350395,0.9154929700434103,0.043113475444051134,0.041916200150260874,-0.0011972752937902606,0.09616885750096704
2022-03-01,3.450000047683716,3.4700000286102295,3.2750000953674316,3.4100000858306885,3.4100000858306885,3852700,ASTR,-0.015921318808865603,0.9438040542838562,-0.011720193796544386,-0.020114923235383997,-0.00839472943883961,1.3584518383612298
2022-03-02,3.4000000953674316,3.4800000190734863,3.255000114440918,3.390000104904175,3.390000104904175,2357400,ASTR,0.01622466062683925,0.9353448553450088,-0.0029398496028923515,-0.005865096898272193,-0.0029252472953798414,-5.518874370606144
2022-03-03,3.2899999618530273,3.3399999141693115,3.069999933242798,3.2799999713897705,3.2799999713897705,5036100,ASTR,-0.015567102786323672,0.9191616802799634,-0.0030387776068546246,-0.03244841596177872,-0.029409638354924095,5.122817395787267
2022-03-04,3.25,3.430000066757202,3.180000066757202,3.2100000381469727,3.2100000381469727,3182900,ASTR,-0.016583024660655976,0.9271137040424738,-0.012451047158154548,-0.02134144324798215,-0.008890396089827602,1.331857830913063
2022-03-07,3.25,3.799999952316284,3.25,3.430000066757202,3.430000066757202,7969500,ASTR,-0.03624010422385804,0.8552631686268752,0.0524881525521596,0.06853583364354976,0.01604768109139016,-0.6904435089012665
2022-03-08,3.430000066757202,3.7750000953674316,3.3450000286102295,3.630000114440918,3.630000114440918,6713300,ASTR,-0.0027597433362587243,0.8860927004253892,0.05510643013179888,0.058309050667978646,0.0032026205361797636,-0.050080241628031506
2022-03-09,3.6600000858306885,3.799999952316284,3.559999942779541,3.7699999809265137,3.7699999809265137,5432700,ASTR,0.03594999879032046,0.9368421019609615,0.029187691154468332,0.03856745511622606,0.009379763961757725,1.2316835408482416
2022-03-10,3.700000047683716,3.9000000953674316,3.640000104904175,3.8299999237060547,3.8299999237060547,4116600,ASTR,-0.009474510344760545,0.9333333374088645,0.033952527052727936,0.015915104266073676,-0.01803742278665426,-0.2790516985686139
2022-03-11,3.8499999046325684,3.880000114440918,3.615000009536743,3.6600000858306885,3.6600000858306885,5792500,ASTR,-0.021793698646173865,0.931701005905161,-0.05190251758092696,-0.04438638153049046,0.007516136050436502,0.4198967537979809
2022-03-14,3.759999990463257,3.7699999809265137,3.4549999237060547,3.509999990463257,3.509999990463257,9386600,ASTR,-0.02044485651336314,0.9164456077416094,-0.07121507141859114,-0.04098363165294494,0.030231439765646198,0.28708609155485426
2022-03-15,3.640000104904175,3.9000000953674316,3.0899999141693115,3.490000009536743,3.490000009536743,28463600,ASTR,0.02920228710808659,0.7923076509253758,-0.04296996990187469,-0.005698000279445559,0.03727196962242913,-0.6795975695298906
2022-03-16,3.549999952316284,3.7899999618530273,3.4200000762939453,3.759999990463257,3.759999990463257,9142200,ASTR,0.03768198333754036,0.9023746993975748,0.05586107411691759,0.07736389117155129,0.0215028170546337,0.67456603606783
2022-03-17,3.700000047683716,4.110000133514404,3.619999885559082,4.039999961853027,4.039999961853027,8018400,ASTR,0.013264600759922862,0.8807785323509637,0.08416839539101477,0.07446807768615793,-0.00970031770485684,0.15759598003859412
2022-03-18,3.9100000858306885,4.75,3.9000000953674316,4.590000152587891,4.590000152587891,25407900,ASTR,0.02049681043012841,0.8210526516563014,0.14815815776723035,0.13613866235845085,-0.012019495408779501,0.1383441231925327
2022-03-21,4.639999866485596,4.769999980926514,4.340000152587891,4.550000190734863,4.550000190734863,6504900,ASTR,-0.003985930702764762,0.9098532851031372,-0.01977014768746572,-0.008714588349299945,0.011055559338165776,0.20161360278010684
2022-03-22,4.449999809265137,4.625,4.239999771118164,4.480000019073486,4.480000019073486,8506900,ASTR,0.019536881439528697,0.9167567072687922,0.006706475375139399,-0.015384652467469784,-0.022091127842609182,2.913136982795916
2022-03-23,4.440000057220459,4.739999771118164,4.179999828338623,4.199999809265137,4.199999809265137,11545000,ASTR,-0.013198885448984954,0.8818565464513858,-0.05713291877487354,-0.06250004656612851,-0.005367127791254971,0.23102067480560237
2022-03-24,4.199999809265137,4.239999771118164,4.079999923706055,4.210000038146973,4.210000038146973,3320400,ASTR,0.0193383593530696,0.962264184894068,0.0023853512568226443,0.0023810069847565174,-4.3442720661268815e-06,8.107132774578803
2022-03-25,4.199999809265137,4.199999809265137,3.990000009536743,4.130000114440918,4.130000114440918,4442500,ASTR,-0.0015882393904287362,0.9500000454130647,-0.016939078180278577,-0.019002357002653736,-0.0020632788223751593,0.09376185489703055
2022-03-28,4.170000076293945,4.170000076293945,3.869999885559082,4.039999961853027,4.039999961853027,4672200,ASTR,0.013098783178834283,0.9280575095333125,-0.03216824645257927,-0.02179180389685631,0.01037644255572296,-0.4071960589503633
2022-03-29,4.019999980926514,4.25,4.019999980926514,4.190000057220459,4.190000057220459,3983700,ASTR,0.018442430849983316,0.9458823484532973,0.04058281001726743,0.037128736827668485,-0.0034540731895989427,0.4544394743029454
2022-03-30,4.159999847412109,4.400000095367432,4.085000038146973,4.139999866485596,4.139999866485596,4987100,ASTR,-0.012132317995023678,0.9284090794561326,-0.004820913423070183,-0.01193321958282556,-0.007112306159755378,2.5166015089516485
2022-03-31,4.21999979019165,4.21999979019165,3.8399999141693115,3.859999895095825,3.859999895095825,5263500,ASTR,-0.015354234978109282,0.9099526315367231,-0.09325422406208068,-0.06763284551201199,0.0256213785500687,0.16464921704659455
2022-04-01,3.9100000858306885,4.340000152587891,3.8499999046325684,4.309999942779541,4.309999942779541,7379500,ASTR,0.0028817842175135056,0.8870967210304956,0.09281739263557635,0.11658032640245564,0.023762933766879282,0.031047890224928973
2022-04-04,4.309999942779541,4.40500020980835,4.210000038146973,4.25,4.25,4351400,ASTR,0.019005700991305163,0.9557320857267653,-0.01410763359518603,-0.013921100597706015,0.00018653299748001492,-1.3471926998295807
2022-04-05,4.230000019073486,4.315000057220459,4.079999923706055,4.190000057220459,4.190000057220459,3242900,ASTR,-0.02259616428127298,0.9455387878567535,-0.009536530144813881,-0.014117633595186141,-0.00458110345037226,2.369432481012094
2022-04-06,4.059999942779541,4.204999923706055,3.950000047683716,4.059999942779541,4.059999942779541,4387800,ASTR,-0.022201199444210284,0.9393579356363945,1e-05,-0.031026279872453433,-0.031036279872453432,-2220.1199444210283
2022-04-07,4.019999980926514,4.025000095367432,3.7200000286102295,3.819999933242798,3.819999933242798,4610800,ASTR,0.000610526451974458,0.9242235876942608,-0.05234603434001512,-0.059113303674688034,-0.006767269334672914,-0.011663279934612934
2022-04-08,3.7699999809265137,3.799999952316284,3.609999895095825,3.6600000858306885,3.6600000858306885,3388300,ASTR,-0.013405467774730062,0.949999984314567,-0.030044615441589272,-0.04188477754141884,-0.011840162099829566,0.44618536725131575
2022-04-11,3.5999999046325684,3.75,3.5250000953674316,3.6700000762939453,3.6700000762939453,2040100,ASTR,-0.02181022821548395,0.9400000254313151,0.019083615859993342,0.002732237767417267,-0.016351378092576075,-1.142877134789044
2022-04-12,3.7200000286102295,3.940000057220459,3.6730000972747803,3.7200000286102295,3.7200000286102295,3414900,ASTR,-0.0030114650323394,0.9322335136883124,1e-05,0.013623964925574494,0.013613964925574495,-301.14650323393994
2022-04-13,3.740000009536743,3.880000114440918,3.6700000762939453,3.809999942779541,3.809999942779541,2498900,ASTR,0.020343125369180592,0.9458762804244834,0.018382686166428176,0.024193525128260562,0.005810838961832387,1.1066459594100408
2022-04-14,3.7799999713897705,3.815000057220459,3.6600000858306885,3.740000009536743,3.740000009536743,2002800,ASTR,-0.0214393549626527,0.9593709124338256,-0.010685176938778195,-0.018372686166428176,-0.007687509227649981,2.0064576455300327
2022-04-18,3.680000066757202,3.680000066757202,3.450000047683716,3.5199999809265137,3.5199999809265137,2361300,ASTR,-0.0014021132712079831,0.9374999959507715,-0.0454445700845641,-0.058823536911562724,-0.013378966826998621,0.03085326296626648
2022-04-19,3.5,3.75,3.434999942779541,3.7100000381469727,3.7100000381469727,2565500,ASTR,0.021549057864598486,0.9159999847412109,0.05661378328509697,0.05397728927556655,-0.0026364940095304143,0.38063271193308623
2022-04-20,3.7300000190734863,3.7300000190734863,3.5299999713897705,3.5999999046325684,3.5999999046325684,1894300,ASTR,-0.012231571260869711,0.9463806845412845,-0.036101143856873526,-0.029649631370178064,0.006451512486695461,0.33881395308034995
2022-04-21,3.640000104904175,3.7300000190734863,3.390000104904175,3.4000000953674316,3.4000000953674316,2090000,ASTR,-0.020695641619913663,0.9088472084636167,-0.07057823611909549,-0.055555504045367354,0.015022732073728132,0.29322979374252595
2022-04-22,3.4600000381469727,3.5,3.2799999713897705,3.3299999237060547,3.3299999237060547,2048400,ASTR,-0.025454971602217213,0.9371428489685059,-0.039029074300109,-0.020588285205272117,0.01844078909483688,0.6522053637881472
2022-04-25,3.25,3.4690001010894775,3.2200000286102295,3.4200000762939453,3.4200000762939453,2109900,ASTR,0.012894760520932191,0.9282213706476841,0.04971762353846625,0.027027073468436136,-0.022690550070030117,0.2593599533363775
2022-04-26,3.369999885559082,3.4200000762939453,3.25,3.259999990463257,3.259999990463257,1727400,ASTR,-0.039532127663313155,0.9502923764615337,-0.03373229920785798,-0.04678364978402905,-0.013051350576171065,1.1719369444613517
2022-04-27,3.259999990463257,3.3450000286102295,3.2100000381469727,3.2300000190734863,3.2300000190734863,2118100,ASTR,-0.00014495112707713087,0.9596412588016191,-0.009277916784092021,-0.009202445238506662,7.547154558535871e-05,0.015623240696194328
2022-04-28,3.25,3.3399999141693115,3.0799999237060547,3.319999933242798,3.319999933242798,2328200,ASTR,0.03063517815465322,0.9221556894776385,0.021094317665761465,0.027863750352276284,0.0067694326865148195,1.4522952882414246
2022-04-29,3.319999933242798,3.4649999141693115,3.190000057220459,3.200000047683716,3.200000047683716,2187300,ASTR,-0.04171148368488564,0.9206349599535906,-0.03748996367842012,-0.0361445445698767,0.0013454191085434178,1.1126040036388594
2022-05-02,3.180000066757202,3.2799999713897705,3.115000009536743,3.2799999713897705,3.2799999713897705,2095900,ASTR,0.016326369359157544,0.9496951331426033,0.030497776068545913,0.024999975785613415,-0.0054978002829324975,0.5353298326560885
2022-05-03,3.2699999809265137,3.3550000190734863,3.184999942779541,3.240000009536743,3.240000009536743,1687500,ASTR,0.002212842306591023,0.949329336713121,-0.009249250401687514,-0.012195110427418387,-0.002945860025730874,-0.23924558320826655
2022-05-04,3.240000009536743,3.4100000858306885,3.1500000953674316,3.390000104904175,3.390000104904175,2275600,ASTR,0.0319252033961146,0.9237536704049907,0.04425781437334846,0.04629632559441843,0.0020385112210699677,0.7213461362280823
2022-05-05,3.3499999046325684,3.359999895095825,3.130000114440918,3.190000057220459,3.190000057220459,2060200,ASTR,-0.04991723044645091,0.9315476821917139,-0.05014669107903453,-0.05899706238781055,-0.008850371308776021,0.995424211894221
2022-05-06,3.2100000381469727,3.2100000381469727,2.9000000953674316,3.0899999141693115,3.0899999141693115,2516000,ASTR,-0.014047298430269972,0.9034268102506025,-0.038824992657247766,-0.03134800666376181,0.007476985993485959,0.3618107169853554
2022-05-09,2.940000057220459,2.9549999237060547,2.680000066757202,2.690000057220459,2.690000057220459,4054800,ASTR,-0.0429332850439349,0.9069374402541582,-0.09292680099706836,-0.1294497954885494,-0.03652299449148104,0.46201186937759053
2022-05-10,2.759999990463257,2.7799999713897705,2.369999885559082,2.430000066757202,2.430000066757202,5716200,ASTR,0.0098440558256081,0.8525179532193584,-0.13579243400833924,-0.09665426949169342,0.03913816451664581,-0.072493404345367
2022-05-11,2.3499999046325684,2.450000047683716,2.2100000381469727,2.2200000286102295,2.2200000286102295,3844600,ASTR,-0.03181463527135442,0.9020408143405366,-0.0585485019580932,-0.08641976641062998,-0.027871264452536786,0.5433893986583317
2022-05-12,2.140000104904175,2.434999942779541,2.069999933242798,2.390000104904175,2.390000104904175,6547000,ASTR,0.0005913045152083907,0.8501026619655286,0.10461250586893737,0.0765766099563383,-0.02803589591259907,0.005652331050641307
2022-05-13,2.4700000286102295,2.674999952316284,2.4200000762939453,2.640000104904175,2.640000104904175,5856300,ASTR,0.03817092317214654,0.9046729418437804,0.06440396573437483,0.10460250586893749,0.04019854013456266,0.5926797012714587
2022-05-16,2.6600000858306885,2.759999990463257,2.549999952316284,2.5799999237060547,2.5799999237060547,3351100,ASTR,-0.012046587118805574,0.9239130293939875,-0.030997815693931074,-0.022727340459820944,0.00827047523411013,0.38862696771128047
2022-05-17,2.549999952316284,2.799999952316284,2.549999952316284,2.7699999809265137,2.7699999809265137,3215600,ASTR,0.027585979950759842,0.910714284193759,0.07943239354696445,0.07364343520891747,-0.005788958338046976,0.34728879137262325
2022-05-18,2.700000047683716,2.8550000190734863,2.609999895095825,2.6500000953674316,2.6500000953674316,2700000,ASTR,-0.04725839355913897,0.914185596377975,-0.018857905855434186,-0.04332125862287706,-0.02446335276744287,2.5060255322846867
2022-05-19,2.609999895095825,2.75,2.5920000076293945,2.680000066757202,2.680000066757202,2580200,ASTR,-0.0025967770269819113,0.9425454573197798,0.026129466387206857,0.011320743513260512,-0.014808722873946346,-0.09938117328922219
2022-05-20,2.700000047683716,2.75,2.5209999084472656,2.609999895095825,2.609999895095825,2435800,ASTR,-0.002974920561311878,0.9167272394353693,-0.034472818469456774,-0.026119466387206858,0.008353352082249917,0.0862975727948582
2022-05-23,2.680000066757202,2.680000066757202,2.4200000762939453,2.440000057220459,2.440000057220459,2270600,ASTR,0.015909771722706134,0.9029850806019357,-0.09835065733954969,-0.06513404011808388,0.03321661722146581,-0.1617657894016774
2022-05-24,2.4000000953674316,2.4100000858306885,2.2799999713897705,2.3499999046325684,2.3499999046325684,2164500,ASTR,-0.023477503945948386,0.9460580457215589,-0.021266677771900232,-0.03688530757266251,-0.015618629800762274,1.1039572893218577
2022-05-25,2.359999895095825,2.4100000858306885,2.2799999713897705,2.3499999046325684,2.3499999046325684,2449900,ASTR,0.015117474542464926,0.9460580457215589,-0.004245315263436366,0.0,0.004245315263436366,-3.560978067439944
2022-05-26,2.369999885559082,2.4800000190734863,2.3299999237060547,2.3499999046325684,2.3499999046325684,2339800,ASTR,0.026752698354298943,0.9395160910428255,-0.00850063052687251,0.0,0.00850063052687251,-3.14714282307969
2022-05-27,2.4100000858306885,2.4800000190734863,2.3499999046325684,2.4700000286102295,2.4700000286102295,2776600,ASTR,0.03325876158439245,0.9475805994189124,0.024301474528160494,0.05106388461595435,0.026762410087793852,1.3685902699382406
2022-05-31,2.490000009536743,2.6500000953674316,2.4600000381469727,2.5799999237060547,2.5799999237060547,3179200,ASTR,-0.0041002144775873495,0.9283018677800784,0.034893688694079765,0.044534369968294296,0.009640681274214531,-0.1175059052522301
2022-06-01,2.5999999046325684,2.6689999103546143,2.5,2.640000104904175,2.640000104904175,2590500,ASTR,-0.007195338452745226,0.9366804361068112,0.015161590409901993,0.023255884873024435,0.008094294463122442,-0.4745767599714321
2022-06-02,2.509999990463257,2.6500000953674316,2.4700000286102295,2.5999999046325684,2.5999999046325684,5259900,ASTR,0.026882446624324485,0.9320754489511652,0.034625352873264896,-0.015151590409901994,-0.04977694328316689,0.7763804378461973
2022-06-03,2.549999952316284,2.6549999713897705,2.5199999809265137,2.549999952316284,2.549999952316284,2557500,ASTR,-0.024695330174669516,0.9491525454169438,1e-05,-0.01923075159625831,-0.01924075159625831,-2469.5330174669516
2022-06-06,2.640000104904175,2.694999933242798,2.5950000286102295,2.640000104904175,2.640000104904175,3499700,ASTR,0.004049008555051747,0.9628942830761995,1e-05,0.035294178145430566,0.03528417814543056,404.9008555051747
2022-06-07,2.609999895095825,2.609999895095825,2.359999895095825,2.4600000381469727,2.4600000381469727,5400692,ASTR,0.00944016533932146,0.9042145555370524,-0.06096555065968296,-0.0681818407593342,-0.007216290099651239,-0.15484425609501337
